title,author,genre,publication_year,isbn,stock,lending_status,registration_date
Automated bifurcated adapter,Linda Baker,5,2007,978-1-229-88795-5,1,1,2023-04-08
Operative responsive product,山崎 英樹,3,1995,978-1-182-92717-0,0,2,2023-08-18
Profit-focused disintermediate groupware,前田 香織,8,1989,978-1-56695-913-1,2,1,2023-06-19
Streamlined homogeneous concept,Hannah Patterson,6,2019,978-1-995189-89-5,2,1,2023-03-26
Digitized well-modulated leverage,Herbert Pitts,7,1984,978-1-4458-6444-0,2,1,2023-03-27
Open-source uniform workforce,Michael Robinson,1,1997,978-1-4949-1060-0,2,1,2023-07-06
Assimilated asynchronous budgetary management,坂本 直子,2,1991,978-0-663-37452-6,0,2,2023-08-10
Operative even-keeled contingency,Bruce Oliver,6,1984,978-1-85276-655-9,2,1,2023-02-26
Progressive bi-directional circuit,Tonya Copeland,8,2003,978-1-86129-183-7,2,1,2023-05-30
Down-sized transitional frame,清水 花子,7,2021,978-1-4403-0761-4,1,1,2023-03-11
Integrated full-range hub,Danielle Morales,5,1985,978-0-03-162145-0,2,1,2023-04-06
Customer-focused modular standardization,Keith Obrien,6,1981,978-1-4352-4047-6,2,1,2023-06-16
Fully-configurable demand-driven implementation,Douglas Thomas,5,2011,978-1-4475-1277-6,2,1,2023-03-27
De-engineered foreground neural-net,Tommy Watson,2,2016,978-0-218-33789-1,1,1,2023-04-09
Pre-emptive bifurcated algorithm,西村 学,1,2016,978-1-5200-7828-1,2,1,2023-05-03
Focused impactful interface,Brandon Bell,7,2010,978-0-11-330988-7,0,2,2023-08-07
Front-line demand-driven toolset,Willie Campbell,8,1998,978-1-907896-61-3,1,1,2023-08-27
Adaptive contextually-based toolset,小川 晃,7,2008,978-1-63464-058-9,2,1,2023-05-19
Visionary disintermediate orchestration,Jennifer Day,6,1991,978-1-357-08715-9,2,1,2023-03-08
Face-to-face mobile Local Area Network,阿部 翔太,6,2015,978-1-4415-4874-0,1,1,2023-07-19
Right-sized transitional matrix,福田 花子,1,2005,978-0-05-116706-8,0,2,2023-03-14
Triple-buffered content-based functionalities,Jenna Rodriguez,5,2015,978-0-451-79790-2,0,2,2023-03-01
Multi-channeled explicit productivity,松本 和也,6,2008,978-0-05-814529-8,0,2,2023-08-12
Secured optimizing artificial intelligence,吉田 真綾,6,2023,978-0-9695501-7-4,1,1,2023-07-02
Function-based non-volatile focus group,林 陽子,1,1980,978-0-19-380864-5,0,2,2023-04-28
Pre-emptive 5thgeneration moderator,Cody Gibson,3,1988,978-1-75396-045-2,1,1,2023-05-06
Multi-tiered disintermediate firmware,渡辺 里佳,8,1988,978-1-71475-922-4,2,1,2023-07-25
Multi-tiered leadingedge initiative,Justin Doyle,4,1990,978-1-85625-507-3,2,1,2023-06-14
Proactive upward-trending conglomeration,Gregory Williams,2,1997,978-0-9599466-1-1,1,1,2023-08-06
Vision-oriented clear-thinking encryption,佐藤 淳,4,2003,978-0-301-93084-8,0,2,2023-07-03
Automated methodical analyzer,石井 陽子,2,2015,978-1-185-73803-2,1,1,2023-07-25
Exclusive transitional budgetary management,Michael Quinn,7,2018,978-0-309-70535-6,0,2,2023-03-10
Organized static capability,Jeffrey Brown,1,1992,978-1-282-93399-6,1,1,2023-05-31
Programmable optimizing throughput,Christopher King,3,1999,978-0-19-231136-8,2,1,2023-04-21
Horizontal non-volatile projection,Trevor Williams,1,1985,978-0-432-32321-2,1,1,2023-02-27
Public-key holistic software,Tammy Burnett,3,2013,978-1-879442-66-5,2,1,2023-06-27
Innovative leadingedge contingency,Ronald Shaw,4,2015,978-0-553-82333-2,0,2,2023-05-04
Expanded modular pricing structure,Deborah Hancock,3,2011,978-0-278-69138-4,1,1,2023-03-11
Streamlined responsive orchestration,George Stafford,6,2015,978-1-79306-346-5,2,1,2023-05-20
Inverse 24/7 function,Evelyn Daniel,8,2001,978-0-229-48588-8,1,1,2023-05-27
Business-focused zero administration access,John Zuniga,1,2000,978-0-304-28124-4,0,2,2023-09-02
Streamlined composite policy,Daniel Mendoza,2,1981,978-1-79319-302-5,2,1,2023-04-29
Multi-tiered demand-driven groupware,Richard Sandoval,4,2010,978-0-641-45899-6,1,1,2023-06-11
Reverse-engineered optimal infrastructure,Courtney Carter,3,1999,978-0-16-073587-5,2,1,2023-08-05
Multi-tiered bandwidth-monitored algorithm,橋本 裕樹,8,2011,978-0-571-65300-3,1,1,2023-04-25
Organic 6thgeneration application,伊藤 直樹,1,1996,978-0-572-66704-7,2,1,2023-03-19
Pre-emptive value-added analyzer,吉田 零,8,1994,978-0-923279-51-6,1,1,2023-05-17
Exclusive value-added architecture,Jessica Jenkins,5,1992,978-1-336-78005-7,2,1,2023-04-07
Cloned user-facing utilization,山本 裕美子,2,2002,978-0-15-501546-3,2,1,2023-03-29
Profound static projection,田中 香織,1,1993,978-0-584-95781-5,0,2,2023-06-15
Enhanced static secured line,石川 篤司,8,1990,978-1-00-276102-1,0,2,2023-07-30
Reduced fresh-thinking monitoring,Lisa Turner,5,1996,978-0-929697-60-4,2,1,2023-08-19
Multi-channeled heuristic toolset,Joseph Hansen,2,2006,978-1-69281-415-1,2,1,2023-04-20
Managed high-level ability,Timothy Hodges,5,1985,978-0-264-54481-6,2,1,2023-02-26
Right-sized composite toolset,山本 春香,5,1986,978-1-02-580155-1,1,1,2023-08-31
Monitored impactful conglomeration,Brandi Lane,6,1991,978-0-8084-6887-5,1,1,2023-08-10
Vision-oriented attitude-oriented moderator,鈴木 結衣,3,2019,978-0-16-756877-3,0,2,2023-05-18
Persevering bandwidth-monitored knowledge user,David Ramirez,5,1997,978-0-503-33810-7,2,1,2023-06-30
Adaptive methodical open system,Troy Chandler,3,2005,978-0-592-70683-2,0,2,2023-05-06
Triple-buffered exuding extranet,伊藤 里佳,2,2007,978-0-301-71090-7,0,2,2023-04-23
Horizontal intangible parallelism,Denise Price,6,1990,978-1-303-79870-2,1,1,2023-04-09
Devolved systemic productivity,佐藤 裕樹,4,2014,978-1-907979-32-3,0,2,2023-04-21
Exclusive static firmware,岡本 淳,2,2010,978-0-305-62169-8,0,2,2023-06-09
User-centric coherent complexity,Marc Morrow,4,2003,978-0-8301-7440-9,0,2,2023-08-09
Extended even-keeled portal,村上 智也,3,1985,978-1-258-81358-1,0,2,2023-08-09
Re-engineered maximized flexibility,Jacob Lopez,6,1994,978-1-59519-166-3,2,1,2023-07-01
Persevering didactic model,Sierra White,2,2020,978-0-330-98555-0,1,1,2023-04-08
Triple-buffered even-keeled open system,鈴木 香織,8,1984,978-0-686-86455-4,0,2,2023-03-08
Profound optimizing budgetary management,佐藤 陽一,1,2018,978-0-8148-0135-2,0,2,2023-06-25
Exclusive stable function,Michael Hale,8,1983,978-0-9889954-4-4,1,1,2023-08-04
Balanced eco-centric structure,村上 くみ子,5,2012,978-1-5053-8653-0,2,1,2023-08-24
Organized multi-tasking paradigm,Linda Franco,1,1995,978-0-14-424944-2,0,2,2023-07-08
Programmable radical model,伊藤 直樹,7,1996,978-1-06-655692-2,2,1,2023-03-29
Organic multi-state analyzer,Jack Myers,7,1998,978-0-476-24973-8,1,1,2023-07-29
Adaptive intermediate customer loyalty,福田 陽一,5,1982,978-1-273-45094-5,2,1,2023-05-02
Fundamental secondary time-frame,吉田 幹,1,1985,978-0-9757698-1-2,2,1,2023-04-15
De-engineered analyzing frame,Matthew Lester,5,1987,978-1-4162-8186-3,1,1,2023-08-09
Organic disintermediate circuit,斉藤 里佳,4,1982,978-0-213-47604-5,0,2,2023-06-06
Object-based zero administration help-desk,村上 健一,1,1988,978-0-297-45877-7,1,1,2023-08-13
Configurable client-driven algorithm,Cynthia Mccullough,1,2021,978-1-69638-797-2,2,1,2023-05-29
Devolved bottom-line matrices,Luis Green,7,2007,978-0-8236-4198-7,0,2,2023-04-04
Profit-focused coherent standardization,David Tyler,8,2004,978-0-86912-276-1,0,2,2023-03-21
Extended heuristic capacity,伊藤 健一,4,2003,978-0-7300-5140-4,0,2,2023-06-21
Down-sized modular project,岡田 零,6,1993,978-1-217-33111-8,0,2,2023-06-08
Reactive fresh-thinking Local Area Network,Patricia Stokes,2,1989,978-0-7945-7483-3,0,2,2023-07-03
Quality-focused well-modulated knowledge user,Andrew Rodriguez,4,1992,978-1-242-70550-2,2,1,2023-08-13
Multi-lateral 24/7 approach,小林 健一,5,1993,978-0-9576311-5-1,2,1,2023-05-14
Adaptive needs-based Graphic Interface,Paula Swanson,1,1990,978-0-9587537-1-5,0,2,2023-03-14
Compatible modular interface,Jesus Stephenson,6,1993,978-1-69090-845-6,1,1,2023-03-02
Polarized executive application,Thomas Stewart,2,1989,978-1-5015-0296-5,2,1,2023-07-24
Up-sized web-enabled groupware,Matthew Lee,3,2016,978-0-8265-3099-8,0,2,2023-04-10
Open-source multi-tasking challenge,伊藤 千代,2,2007,978-0-13-990105-8,1,1,2023-06-18
Public-key client-driven Local Area Network,Shannon Smith,7,1994,978-1-57816-977-1,0,2,2023-06-23
Distributed zero tolerance encoding,Ashley Hill,8,2016,978-1-62226-979-2,1,1,2023-05-05
Business-focused 5thgeneration initiative,Valerie Johnson,7,1988,978-1-79241-046-8,2,1,2023-03-27
Reduced user-facing project,中村 修平,5,2016,978-0-7398-6084-7,0,2,2023-07-19
Devolved fresh-thinking alliance,山本 稔,5,1985,978-0-568-39487-2,1,1,2023-09-02
Versatile client-server methodology,佐々木 あすか,2,2003,978-0-232-52309-6,0,2,2023-08-15
Organized asymmetric standardization,Antonio Hughes,2,2017,978-0-570-58737-8,1,1,2023-05-09
Visionary radical flexibility,Jessica Collins,6,2019,978-1-84425-404-0,1,1,2023-05-08
Multi-channeled object-oriented firmware,Edward Smith,8,2011,978-0-562-83254-7,2,1,2023-08-15
Future-proofed transitional concept,中村 和也,4,2004,978-0-203-80249-6,0,2,2023-05-29
Quality-focused radical moratorium,小林 裕美子,3,1988,978-1-03-847506-0,1,1,2023-08-12
Organic well-modulated frame,Daniel Castillo,7,2020,978-0-539-41070-9,0,2,2023-06-12
Enterprise-wide multimedia encoding,Victoria Gallagher,2,2009,978-1-4002-4188-0,0,2,2023-05-14
Object-based executive archive,高橋 香織,5,1991,978-0-516-34922-0,0,2,2023-06-27
Ameliorated bi-directional open architecture,高橋 太郎,4,2004,978-0-7614-3562-4,2,1,2023-02-28
Triple-buffered asymmetric infrastructure,Michael Cruz,1,2008,978-0-424-85724-4,2,1,2023-09-02
Exclusive responsive contingency,太田 裕樹,5,1991,978-1-880041-68-0,1,1,2023-05-17
Extended contextually-based array,Kelly Anderson,2,1995,978-0-651-78343-9,2,1,2023-07-28
Synergistic empowering Local Area Network,Marilyn Schneider,8,1996,978-0-05-592763-7,2,1,2023-05-14
Integrated interactive matrix,Keith Coleman,5,2007,978-0-7121-7163-2,0,2,2023-07-20
Face-to-face value-added success,長谷川 翼,4,2017,978-1-956597-43-1,2,1,2023-03-24
Streamlined client-driven framework,Patrick Alvarado,3,1984,978-0-667-99544-4,2,1,2023-05-17
Upgradable optimal implementation,Jacob Merritt,4,1991,978-0-662-85697-9,1,1,2023-03-05
Triple-buffered attitude-oriented emulation,井上 治,3,2000,978-0-7036-0347-0,2,1,2023-03-25
Quality-focused hybrid pricing structure,森 加奈,3,2009,978-1-03-702827-4,1,1,2023-06-27
Fully-configurable scalable frame,佐藤 京助,3,2023,978-0-11-203739-2,1,1,2023-06-03
Profit-focused empowering intranet,Jennifer Howard,6,1997,978-1-79941-205-2,2,1,2023-07-16
Object-based directional middleware,高橋 亮介,5,1981,978-0-203-05720-9,0,2,2023-05-11
Networked systemic neural-net,Maria Rodriguez,8,1998,978-0-89697-182-0,0,2,2023-06-18
Reverse-engineered empowering moratorium,Ashley Clements,5,2016,978-0-7270-5919-2,0,2,2023-03-27
Vision-oriented 24hour synergy,Michael Kim,2,1998,978-0-683-10495-0,1,1,2023-05-27
Phased cohesive archive,Ashley Jones,3,2022,978-1-80267-313-5,0,2,2023-07-18
Persistent responsive function,Kimberly Gutierrez,1,1999,978-0-406-74474-6,2,1,2023-07-30
Monitored content-based monitoring,山口 真綾,6,2003,978-0-7209-1161-9,2,1,2023-05-13
Innovative intangible emulation,Kayla Martin,1,2011,978-1-65336-620-0,1,1,2023-03-16
Pre-emptive needs-based support,David Ingram,3,2012,978-1-4631-0165-7,2,1,2023-06-23
Customer-focused encompassing data-warehouse,Keith Gibson,8,1987,978-1-82981-163-3,2,1,2023-07-07
Enhanced reciprocal application,阿部 舞,5,2000,978-1-4935-5034-0,0,2,2023-06-27
Realigned stable adapter,岡本 美加子,8,1981,978-0-516-45577-8,2,1,2023-03-25
Upgradable zero administration attitude,藤井 稔,4,2007,978-1-9777-0859-5,2,1,2023-02-26
Versatile transitional matrix,Kevin Novak,4,2020,978-0-499-30690-6,0,2,2023-06-18
Exclusive content-based workforce,Tasha Mccarty,2,1994,978-0-7508-3793-4,2,1,2023-03-11
Sharable upward-trending help-desk,木村 幹,1,2013,978-1-277-22724-6,2,1,2023-04-02
Streamlined zero administration pricing structure,Ryan Norton,8,2003,978-1-4098-9322-6,0,2,2023-03-10
Public-key grid-enabled customer loyalty,渡辺 幹,4,2018,978-0-357-16906-3,0,2,2023-03-22
Public-key 6thgeneration challenge,阿部 千代,4,2012,978-1-922013-10-1,1,1,2023-08-15
Secured background forecast,Carol Velazquez,6,2018,978-0-11-293491-2,1,1,2023-03-09
Proactive leadingedge conglomeration,石川 七夏,4,2019,978-0-574-09982-2,2,1,2023-05-11
Profound mission-critical challenge,岡本 知実,6,1996,978-0-272-08855-5,2,1,2023-03-18
Triple-buffered optimal task-force,Summer Smith,6,2010,978-0-12-059223-4,1,1,2023-06-17
Switchable national intranet,伊藤 花子,2,1982,978-0-916695-42-2,0,2,2023-03-17
Decentralized systemic architecture,David Russell,4,1996,978-0-7468-5205-7,1,1,2023-07-31
De-engineered tertiary synergy,Lisa Ortega,5,1998,978-0-573-56843-5,1,1,2023-07-02
Triple-buffered full-range definition,Pamela Lewis,3,1996,978-0-04-515668-9,1,1,2023-05-28
Multi-channeled uniform groupware,Kari Rowe,4,1991,978-1-369-14871-8,1,1,2023-05-20
Seamless mobile info-mediaries,藤井 篤司,2,2022,978-1-4192-1579-7,0,2,2023-07-25
Universal content-based product,山本 あすか,5,1984,978-0-7287-8169-6,2,1,2023-04-11
Fundamental needs-based application,Dustin Stewart,8,1985,978-1-396-47990-8,1,1,2023-07-15
Triple-buffered reciprocal workforce,Amber Bradley,1,1992,978-0-11-648478-9,2,1,2023-05-27
Reactive regional superstructure,Kevin Price,4,2016,978-1-5429-6977-2,1,1,2023-08-14
Triple-buffered value-added strategy,山口 千代,7,2000,978-0-675-34636-8,2,1,2023-03-24
Balanced needs-based architecture,Christopher Morales,6,1995,978-0-405-16235-0,2,1,2023-03-18
Sharable even-keeled task-force,斎藤 裕樹,3,1994,978-0-401-96915-1,2,1,2023-05-23
Implemented motivating software,Wyatt Beck,2,2020,978-1-4841-3630-0,2,1,2023-05-13
Total foreground budgetary management,Jimmy Jones,7,2021,978-0-416-59343-3,1,1,2023-05-06
Robust regional extranet,Teresa Carter,1,2003,978-1-172-90238-5,2,1,2023-03-26
Implemented optimal emulation,長谷川 学,6,2009,978-0-903112-30-7,0,2,2023-09-05
Inverse contextually-based Local Area Network,斎藤 和也,8,1990,978-0-597-94461-1,1,1,2023-03-25
Front-line client-server function,鈴木 洋介,6,2014,978-0-609-00434-0,2,1,2023-08-07
Versatile 24hour function,Mary Smith,7,2000,978-1-967777-70-9,1,1,2023-06-24
Secured directional knowledgebase,鈴木 京助,4,1989,978-0-7501-2048-7,0,2,2023-04-12
Right-sized bi-directional productivity,山本 香織,5,2011,978-1-258-02072-9,0,2,2023-03-26
Monitored object-oriented forecast,藤井 裕太,5,2012,978-1-07-914083-5,0,2,2023-06-10
Progressive high-level Internet solution,Johnny Ritter,2,1990,978-1-57563-321-3,2,1,2023-04-23
Up-sized mobile productivity,田中 七夏,7,1995,978-0-432-11801-6,1,1,2023-07-24
Sharable real-time moratorium,April Howard,5,2016,978-1-08-248672-2,2,1,2023-03-16
Managed regional support,池田 康弘,2,2006,978-1-187-55752-5,2,1,2023-05-21
Focused 5thgeneration analyzer,Anthony Craig,6,2000,978-1-84271-245-0,0,2,2023-08-28
Multi-layered methodical solution,Laura Lopez,2,2016,978-0-479-99606-6,2,1,2023-07-21
Configurable grid-enabled parallelism,石川 裕美子,3,2000,978-1-57418-330-6,2,1,2023-08-18
Reverse-engineered impactful extranet,山下 陽一,5,1996,978-0-537-95872-2,2,1,2023-06-30
Triple-buffered interactive Graphical User Interface,三浦 智也,4,2007,978-1-62079-051-9,2,1,2023-04-02
Vision-oriented system-worthy process improvement,Jeremy Lin,8,1999,978-1-67851-570-6,1,1,2023-07-01
Proactive responsive portal,Ebony Holloway,6,1982,978-0-477-50578-9,0,2,2023-08-06
Grass-roots multi-tasking success,渡辺 修平,4,2006,978-0-606-13965-6,1,1,2023-03-26
Down-sized actuating conglomeration,斎藤 美加子,8,1981,978-0-14-065728-9,2,1,2023-04-16
De-engineered secondary complexity,中川 太一,4,1989,978-0-9907880-9-6,0,2,2023-04-05
Exclusive tangible help-desk,村上 香織,3,1983,978-1-5173-8365-7,2,1,2023-08-01
Integrated multi-state structure,Joshua Finley,1,2005,978-0-351-47015-8,2,1,2023-06-02
Enterprise-wide disintermediate portal,清水 聡太郎,5,2017,978-0-936593-55-5,1,1,2023-02-28
Fully-configurable attitude-oriented monitoring,Sheri Adams,5,2014,978-1-145-46916-7,0,2,2023-06-21
Programmable maximized encoding,佐藤 治,2,1997,978-1-968829-61-2,1,1,2023-05-18
Configurable national customer loyalty,山田 涼平,4,2009,978-1-57798-506-8,2,1,2023-07-28
Operative object-oriented core,佐藤 太一,8,1981,978-1-161-55284-3,2,1,2023-05-04
Synergistic zero-defect complexity,Philip Ryan,4,1983,978-1-141-96799-5,1,1,2023-05-22
Exclusive holistic moratorium,村上 花子,7,1997,978-0-641-22241-2,0,2,2023-04-24
Sharable asymmetric software,山本 健一,7,2001,978-0-319-10469-9,1,1,2023-03-27
Adaptive eco-centric implementation,Donald Edwards,2,2013,978-0-561-55184-5,2,1,2023-04-26
Balanced incremental toolset,Erica Allen,5,1990,978-0-223-42880-5,2,1,2023-03-05
Re-contextualized impactful flexibility,鈴木 康弘,6,2011,978-1-229-24023-1,2,1,2023-03-05
Reactive dynamic array,Susan Becker,2,2022,978-1-85887-612-2,2,1,2023-06-04
User-friendly full-range analyzer,松本 里佳,5,2013,978-0-17-329025-5,2,1,2023-03-04
Operative dynamic toolset,Neil Nash,3,2005,978-1-876807-64-1,1,1,2023-05-02
Re-engineered optimal monitoring,Robin Collier,1,2018,978-1-65355-250-4,1,1,2023-05-18
Pre-emptive explicit conglomeration,Dana Cooper,6,1993,978-0-583-50131-6,1,1,2023-07-05
Re-engineered 3rdgeneration customer loyalty,山本 英樹,1,2008,978-0-582-91850-4,0,2,2023-07-25
Visionary mission-critical hardware,Tommy Farley,6,2012,978-1-366-15658-7,2,1,2023-04-15
Devolved composite strategy,Leslie Wong,4,1998,978-0-501-93298-7,1,1,2023-03-23
Proactive composite synergy,Donna Anderson,1,2016,978-0-453-81600-7,0,2,2023-03-10
Customizable cohesive architecture,清水 晃,1,2006,978-1-224-83693-4,2,1,2023-08-09
Polarized mission-critical complexity,Grace Ortiz,5,1990,978-1-218-20915-7,1,1,2023-08-17
Persevering dynamic definition,George Solomon,3,2012,978-1-933449-85-2,0,2,2023-06-12
Managed neutral Internet solution,佐藤 知実,5,1999,978-1-66121-197-4,2,1,2023-08-14
Universal empowering moderator,Nathan Brewer,3,2004,978-1-887919-21-0,1,1,2023-02-25
Distributed reciprocal product,Travis Walter,6,1993,978-0-410-97964-6,1,1,2023-07-26
Up-sized scalable migration,佐藤 花子,6,2010,978-1-4029-8725-0,0,2,2023-06-30
Customer-focused exuding flexibility,Daniel Tapia,8,1996,978-0-295-55008-4,2,1,2023-08-19
Compatible next generation application,Emily Williams,5,2002,978-1-08-453954-9,0,2,2023-08-16
Enhanced disintermediate model,Thomas Nelson,7,2012,978-1-938897-21-4,1,1,2023-08-15
Down-sized 6thgeneration interface,山崎 香織,5,2007,978-0-277-61657-9,2,1,2023-04-22
Fully-configurable intangible paradigm,Nicole Jackson,3,1996,978-1-75554-062-1,1,1,2023-05-18
Realigned needs-based matrix,Mallory Vargas,7,1995,978-0-8194-9536-5,2,1,2023-04-01
Future-proofed 4thgeneration portal,渡辺 知実,8,2018,978-0-431-91613-2,1,1,2023-07-28
Compatible didactic projection,佐藤 涼平,1,2009,978-0-03-390266-3,2,1,2023-08-02
Devolved upward-trending matrix,斎藤 陽子,7,1998,978-1-221-03766-2,0,2,2023-03-18
Inverse national protocol,Thomas Brown,4,1983,978-1-387-51377-2,0,2,2023-05-06
Customer-focused maximized product,Brittney Klein,5,1983,978-0-440-51297-4,0,2,2023-08-23
Future-proofed stable superstructure,Caitlin Murray,3,1998,978-0-10-450306-5,1,1,2023-09-04
Phased value-added product,林 くみ子,3,2007,978-1-4119-7855-3,2,1,2023-05-04
Multi-layered attitude-oriented frame,Terry Rowe,5,2012,978-0-442-44259-0,0,2,2023-06-08
Optimized non-volatile hub,Christina Lewis,2,1988,978-0-283-99337-4,2,1,2023-04-20
Stand-alone fresh-thinking frame,Robert Garner,5,2007,978-1-74245-730-7,1,1,2023-03-24
Persistent responsive superstructure,長谷川 健一,6,1983,978-0-914366-58-4,1,1,2023-03-10
Balanced national migration,福田 知実,1,2008,978-0-576-02775-5,0,2,2023-07-23
Innovative neutral contingency,斎藤 直樹,3,2016,978-1-4381-6565-3,0,2,2023-07-31
Vision-oriented dedicated architecture,佐々木 あすか,1,2015,978-0-698-41307-8,0,2,2023-08-17
Fully-configurable hybrid success,Christopher Gilbert,4,2001,978-0-939274-19-2,0,2,2023-07-27
User-friendly composite architecture,三浦 稔,1,2000,978-0-346-46467-4,1,1,2023-05-08
Distributed tangible solution,Tina Gonzalez,5,1988,978-1-224-26964-0,0,2,2023-06-22
Fully-configurable bifurcated implementation,Francisco Bailey,2,2013,978-0-7652-5802-1,0,2,2023-03-13
Up-sized tangible productivity,伊藤 治,7,2011,978-0-457-23597-2,2,1,2023-03-07
Intuitive didactic leverage,Diane Koch,7,2010,978-0-637-82464-4,0,2,2023-06-06
Enhanced neutral pricing structure,藤田 里佳,4,1984,978-1-5266-4418-3,1,1,2023-03-07
Future-proofed static ability,James Dixon,7,1999,978-0-233-56294-0,1,1,2023-06-08
Down-sized fresh-thinking knowledgebase,Kim Mathis,8,2009,978-1-5445-0452-0,1,1,2023-03-21
Open-architected scalable middleware,Casey Barrera,5,2021,978-1-55324-663-3,2,1,2023-08-13
Intuitive multi-state analyzer,松本 あすか,2,1981,978-0-469-22604-3,1,1,2023-04-25
Reactive bottom-line throughput,Robin Mcclure,5,2007,978-0-03-931507-8,2,1,2023-04-23
Organic multi-tasking structure,鈴木 陽子,6,2002,978-1-5411-9415-1,0,2,2023-03-13
Universal modular project,Brian Allen,2,2021,978-0-05-059383-7,0,2,2023-05-25
Switchable zero administration Graphic Interface,小林 里佳,5,2001,978-0-01-798435-7,2,1,2023-02-27
Fundamental empowering product,青木 知実,8,2004,978-1-144-19930-0,1,1,2023-05-10
Versatile multi-state protocol,William Scott,4,2019,978-0-10-584537-9,2,1,2023-08-05
Multi-layered full-range architecture,Larry Norris,7,2017,978-0-414-06690-8,0,2,2023-08-26
Up-sized scalable strategy,Tracey Smith,7,1985,978-0-489-45836-3,0,2,2023-09-03
Mandatory human-resource model,石井 充,8,2013,978-1-160-09642-3,2,1,2023-08-08
Multi-layered eco-centric infrastructure,Nancy Hunt,8,1980,978-0-439-29497-3,1,1,2023-04-25
Fully-configurable 24hour Graphic Interface,小林 洋介,5,1992,978-0-18-446807-0,0,2,2023-03-28
Balanced executive encoding,Peter Ortega,5,2016,978-0-7130-6878-8,0,2,2023-03-20
Seamless modular artificial intelligence,Lauren Davis,2,1994,978-1-82584-761-2,0,2,2023-08-26
Switchable web-enabled matrix,Adam Moore,8,2015,978-0-18-260878-2,1,1,2023-05-16
Networked clear-thinking website,Kristen Mccarthy,5,1986,978-0-9500800-7-9,1,1,2023-07-07
Stand-alone didactic monitoring,Jennifer Wright,7,2013,978-1-215-14677-6,2,1,2023-05-25
Intuitive cohesive infrastructure,藤井 結衣,5,1997,978-0-9831466-3-6,0,2,2023-03-27
De-engineered zero-defect access,松本 智也,4,1994,978-1-169-98003-7,1,1,2023-05-04
Right-sized radical database,Steven Rocha,8,1997,978-0-370-95641-1,1,1,2023-05-19
Multi-tiered logistical task-force,中島 京助,2,1992,978-1-56238-800-3,2,1,2023-05-12
Reactive non-volatile service-desk,松本 香織,6,1994,978-1-85794-618-5,0,2,2023-06-16
Grass-roots heuristic info-mediaries,山本 直子,3,2005,978-0-638-98523-8,1,1,2023-05-15
Advanced scalable moratorium,Katie Turner,2,2019,978-0-382-89984-3,0,2,2023-04-10
Team-oriented incremental neural-net,Kelsey Smith,8,1989,978-1-68177-431-2,1,1,2023-06-24
Cross-platform bifurcated paradigm,加藤 くみ子,1,1981,978-1-328-90780-6,2,1,2023-03-27
Cloned solution-oriented forecast,高橋 結衣,1,2019,978-1-08-209247-3,2,1,2023-03-06
Fully-configurable heuristic definition,Robert Grant,2,1997,978-0-07-311960-1,2,1,2023-07-15
Adaptive client-driven function,近藤 康弘,6,1991,978-0-7753-2210-1,1,1,2023-08-10
Persistent transitional complexity,Angela Howard,1,2012,978-0-05-860153-4,2,1,2023-08-04
Realigned high-level Graphical User Interface,中村 浩,5,1980,978-1-996318-11-9,1,1,2023-07-10
Synchronized high-level throughput,Juan Brady,7,2011,978-0-241-65650-1,1,1,2023-03-20
Automated upward-trending matrix,Daniel Perkins Jr.,7,2003,978-0-11-062761-8,2,1,2023-08-01
Diverse background success,Sarah Wilson,5,1987,978-0-01-648151-2,0,2,2023-03-30
Optimized analyzing emulation,Crystal Irwin,5,1987,978-1-65999-798-9,1,1,2023-03-07
Reactive context-sensitive interface,林 智也,5,1994,978-0-356-52611-9,2,1,2023-05-28
Persevering bandwidth-monitored website,Dawn Schroeder,6,1989,978-1-309-68644-7,0,2,2023-07-07
Inverse national hardware,伊藤 太一,2,1983,978-0-282-79868-0,2,1,2023-07-19
Progressive optimal alliance,Heather Jones,5,1990,978-0-676-49654-3,1,1,2023-05-22
User-centric stable extranet,Amber Wright,4,1997,978-1-894917-89-6,2,1,2023-03-31
Inverse 24/7 neural-net,坂本 あすか,3,1980,978-1-934529-08-9,1,1,2023-07-17
Future-proofed dedicated artificial intelligence,佐藤 太郎,5,2014,978-0-434-83494-5,1,1,2023-03-26
Balanced composite flexibility,Autumn Rasmussen,6,2013,978-0-521-22142-9,2,1,2023-05-12
Public-key cohesive definition,石川 智也,3,1982,978-0-913714-98-0,0,2,2023-07-19
Synchronized explicit frame,中村 里佳,8,2004,978-1-5150-3903-7,0,2,2023-06-08
Triple-buffered disintermediate paradigm,前田 桃子,5,2008,978-1-68808-667-8,0,2,2023-03-09
Profound transitional concept,Michael Mack,7,2016,978-0-8040-1645-2,0,2,2023-03-07
Exclusive next generation artificial intelligence,中島 あすか,3,2011,978-0-7371-5355-2,0,2,2023-05-02
Optimized zero-defect infrastructure,Joseph Young,2,2008,978-1-209-97356-2,2,1,2023-03-25
Vision-oriented secondary flexibility,西村 康弘,8,1995,978-0-7185-1905-6,0,2,2023-07-31
Synergistic even-keeled standardization,近藤 千代,8,2006,978-0-543-85888-7,0,2,2023-04-28
Monitored analyzing Internet solution,David Everett,2,1990,978-0-234-55177-6,2,1,2023-07-13
Organized human-resource contingency,中川 零,1,2011,978-0-457-30137-0,0,2,2023-06-22
Programmable national standardization,木村 香織,8,2012,978-0-923029-07-4,1,1,2023-06-09
Horizontal interactive access,中川 さゆり,3,2003,978-1-68193-326-9,0,2,2023-03-23
Persevering web-enabled implementation,中川 拓真,7,1996,978-1-369-40947-5,1,1,2023-05-23
Assimilated 5thgeneration policy,山田 加奈,3,1995,978-1-201-95690-7,2,1,2023-05-28
Realigned motivating archive,林 七夏,8,2003,978-0-478-32919-3,0,2,2023-03-21
Exclusive zero tolerance artificial intelligence,石川 零,4,2011,978-0-7322-8168-7,0,2,2023-03-22
Cross-group homogeneous capability,阿部 淳,3,2018,978-0-87887-931-1,2,1,2023-05-18
Quality-focused actuating core,Tamara Parker,5,1995,978-1-78709-651-6,2,1,2023-07-18
Integrated fault-tolerant encoding,佐藤 あすか,2,1993,978-0-7723-1293-8,1,1,2023-03-04
Multi-channeled impactful ability,Kevin Robinson,1,1994,978-1-61939-790-3,2,1,2023-05-09
Business-focused user-facing product,中島 結衣,8,1989,978-1-62661-357-7,0,2,2023-07-18
Virtual discrete superstructure,木村 京助,8,2016,978-1-988313-91-7,0,2,2023-06-20
Self-enabling asynchronous time-frame,加藤 篤司,5,2007,978-1-83854-847-6,1,1,2023-07-14
Optional content-based knowledgebase,Christina Mahoney,2,2009,978-1-83383-697-4,2,1,2023-05-27
Business-focused attitude-oriented collaboration,Juan Ramirez MD,8,1999,978-1-82442-926-0,0,2,2023-05-30
Intuitive 24hour conglomeration,井上 裕太,5,2022,978-1-102-72635-7,2,1,2023-04-04
Optimized background interface,Jennifer Gregory,6,2008,978-0-279-81050-0,2,1,2023-06-15
Cloned well-modulated alliance,前田 学,5,1998,978-1-68613-268-1,1,1,2023-07-01
Customizable analyzing groupware,Carolyn Browning,6,1990,978-0-618-43345-2,0,2,2023-03-28
Persevering didactic analyzer,Lacey Wilson,5,1995,978-0-480-66499-2,1,1,2023-08-19
Vision-oriented bi-directional extranet,Timothy Conley,2,2002,978-1-9868-9104-2,2,1,2023-08-31
Intuitive modular project,John Jones,6,1998,978-0-12-650489-7,0,2,2023-08-07
Digitized impactful functionalities,Gail Johnson DDS,6,2004,978-0-525-39753-3,0,2,2023-06-24
Enterprise-wide explicit analyzer,後藤 拓真,3,1989,978-0-589-00358-6,2,1,2023-05-15
Horizontal mobile analyzer,山下 七夏,5,2000,978-1-246-64931-4,0,2,2023-06-03
Function-based systematic concept,Patrick Carter,1,2012,978-1-5075-6192-8,1,1,2023-04-08
Polarized human-resource success,Jody Warren,4,1994,978-1-75038-770-2,1,1,2023-03-02
Open-source local portal,Michael Johnson,3,2004,978-1-5030-1427-5,0,2,2023-03-23
Re-contextualized mobile hardware,Austin Martinez,4,1985,978-1-929697-08-3,2,1,2023-07-15
Realigned static conglomeration,William Johnson,7,1996,978-1-82603-798-2,0,2,2023-07-12
Ergonomic upward-trending model,加藤 美加子,1,2004,978-0-294-61304-9,2,1,2023-03-26
Secured incremental hub,Henry Vega,7,1983,978-0-947358-07-5,0,2,2023-08-23
Customizable coherent data-warehouse,Gary Tucker,3,2023,978-0-7362-7337-4,1,1,2023-04-18
User-centric 5thgeneration alliance,Kathryn Gonzalez,6,1999,978-0-86216-796-7,2,1,2023-07-28
User-centric asymmetric challenge,田中 さゆり,2,2007,978-1-9805-2522-6,2,1,2023-05-01
Robust full-range help-desk,石井 さゆり,8,1986,978-0-8014-4409-8,1,1,2023-03-31
Secured homogeneous framework,Leslie Gutierrez,2,1984,978-0-385-91451-2,1,1,2023-08-31
Compatible fault-tolerant hardware,森 直樹,6,1980,978-0-464-62533-9,1,1,2023-03-20
Visionary static open system,山本 裕美子,2,2011,978-1-84837-582-6,1,1,2023-05-05
Horizontal context-sensitive hierarchy,Rachel Jones,1,1981,978-1-917532-19-8,1,1,2023-04-22
Business-focused human-resource info-mediaries,Julie Garrison,5,2001,978-1-874112-80-8,1,1,2023-04-09
User-friendly client-driven benchmark,井上 舞,6,1984,978-0-446-03347-3,1,1,2023-09-02
Pre-emptive attitude-oriented website,Jennifer Cook,5,2015,978-1-261-24074-9,2,1,2023-07-26
Advanced context-sensitive core,岡本 知実,4,2008,978-0-642-35615-4,0,2,2023-05-22
Profound transitional system engine,山本 裕樹,1,1982,978-1-995082-19-6,0,2,2023-02-27
Operative next generation knowledge user,Mark Powell,5,1982,978-1-195-09966-6,1,1,2023-05-16
Universal coherent contingency,佐々木 英樹,8,2016,978-1-343-04888-1,2,1,2023-05-17
Re-contextualized logistical analyzer,佐藤 花子,2,2021,978-1-870210-41-6,1,1,2023-03-05
Face-to-face methodical workforce,Barry White,2,2002,978-1-4128-5665-2,2,1,2023-07-06
Organized 4thgeneration Internet solution,Kathryn Murphy MD,3,2007,978-0-7952-6084-1,1,1,2023-04-26
Multi-channeled coherent database,渡辺 太郎,2,2010,978-1-300-90270-6,1,1,2023-08-30
Streamlined systemic knowledgebase,村上 智也,3,2011,978-1-897015-56-8,0,2,2023-04-03
Centralized 6thgeneration product,Cheryl Howell,7,2008,978-0-440-66303-4,2,1,2023-07-03
Enterprise-wide content-based moratorium,山田 陽子,5,2004,978-1-06-352693-5,2,1,2023-03-20
Intuitive intangible complexity,坂本 結衣,1,2009,978-0-85131-394-8,1,1,2023-03-02
Robust intangible analyzer,Melanie Cameron,4,1993,978-0-327-98288-3,1,1,2023-05-18
Secured full-range frame,Ronald Brown,2,2023,978-0-625-19004-1,2,1,2023-08-17
Visionary multi-state Graphical User Interface,Ashley Summers,1,2016,978-1-84657-191-6,0,2,2023-09-01
Exclusive object-oriented time-frame,Kimberly Olson,5,1995,978-1-229-02042-0,2,1,2023-06-24
Profit-focused intermediate installation,吉田 舞,3,1991,978-0-616-64242-9,2,1,2023-08-25
Progressive motivating functionalities,高橋 拓真,6,1992,978-0-609-82536-5,2,1,2023-03-17
Mandatory background archive,鈴木 直樹,3,1989,978-0-939085-04-0,1,1,2023-07-09
Object-based local array,中村 康弘,8,2015,978-1-7374205-5-2,0,2,2023-05-15
Self-enabling mission-critical knowledge user,斎藤 翔太,6,2013,978-1-78242-973-9,2,1,2023-06-15
Enterprise-wide leadingedge moderator,Devin Scott,5,2007,978-0-7765-4383-3,2,1,2023-05-14
Ameliorated explicit matrix,Christopher Hale,7,1998,978-1-271-55552-9,2,1,2023-07-14
Polarized scalable groupware,佐々木 康弘,7,2016,978-1-227-46977-1,2,1,2023-07-11
Public-key hybrid architecture,岡田 涼平,3,2008,978-0-8306-1197-3,2,1,2023-08-25
Devolved tertiary middleware,Shannon Brooks,5,1987,978-0-9519422-4-6,2,1,2023-02-27
Pre-emptive full-range software,伊藤 さゆり,5,1993,978-0-401-51081-0,2,1,2023-03-16
Multi-layered eco-centric parallelism,Cody Williams,1,2001,978-0-345-77794-2,0,2,2023-07-31
Multi-channeled multimedia info-mediaries,木村 康弘,2,2000,978-1-4063-7601-2,2,1,2023-08-29
Grass-roots uniform system engine,David Quinn,8,2013,978-1-131-22992-8,2,1,2023-08-28
Fundamental user-facing archive,Gabriel Day,4,1981,978-1-231-63987-0,2,1,2023-03-09
Multi-lateral eco-centric intranet,Erika Adams,3,2002,978-0-85047-324-7,0,2,2023-05-01
Implemented multimedia pricing structure,Tommy Johnson,4,2009,978-0-07-058577-5,2,1,2023-03-08
Robust 6thgeneration utilization,Brandon Nichols,3,1985,978-0-01-914798-9,0,2,2023-05-09
Managed bifurcated frame,斉藤 春香,6,1998,978-1-4769-0956-1,0,2,2023-06-08
Persistent stable approach,Daniel Walsh,3,1998,978-0-331-36800-0,0,2,2023-03-17
Networked even-keeled groupware,後藤 直人,6,1993,978-1-336-29263-5,2,1,2023-08-04
Face-to-face transitional emulation,中島 美加子,1,2008,978-0-335-18439-2,0,2,2023-08-12
Distributed 5thgeneration Graphic Interface,渡辺 太一,2,2022,978-1-919102-92-4,0,2,2023-03-11
Multi-tiered solution-oriented database,鈴木 さゆり,6,2004,978-0-442-18522-0,1,1,2023-07-26
Future-proofed leadingedge benchmark,山田 晃,6,1996,978-0-381-33334-8,2,1,2023-05-04
Stand-alone systematic emulation,山本 春香,1,1986,978-1-158-41281-5,0,2,2023-08-10
Expanded heuristic productivity,山口 結衣,1,1999,978-1-5124-8759-6,0,2,2023-03-05
Fully-configurable regional firmware,Michael Hicks,1,1985,978-1-4593-2893-8,2,1,2023-04-03
Organized hybrid policy,小川 英樹,5,1988,978-1-57376-218-2,0,2,2023-04-09
Secured motivating productivity,後藤 裕樹,2,1987,978-1-81004-009-7,2,1,2023-03-12
Object-based high-level intranet,Deanna Knapp,1,2003,978-0-643-38004-2,2,1,2023-03-30
Realigned context-sensitive architecture,Edward Bates,6,2001,978-1-4057-2328-2,1,1,2023-04-11
Profound analyzing Internet solution,Gabrielle Reyes,1,1985,978-0-458-19005-8,0,2,2023-05-16
Object-based content-based encryption,Wendy Carpenter,7,1985,978-1-162-59900-7,2,1,2023-05-04
Intuitive interactive leverage,Kurt Holloway,3,2015,978-0-15-180759-8,1,1,2023-09-06
Programmable even-keeled conglomeration,Pamela Hamilton,3,2018,978-0-947483-33-3,1,1,2023-04-11
Business-focused fresh-thinking instruction set,山崎 知実,8,1999,978-1-64232-770-0,2,1,2023-06-26
Proactive fresh-thinking frame,石井 和也,2,2018,978-0-304-08370-1,1,1,2023-05-16
Reactive high-level installation,山本 花子,1,1986,978-0-241-22043-6,2,1,2023-08-04
Focused national middleware,Dana Trujillo,5,1993,978-0-401-59867-2,1,1,2023-03-15
Business-focused attitude-oriented leverage,中川 加奈,2,2010,978-1-124-36718-7,2,1,2023-04-06
Balanced responsive implementation,Melissa Leonard,7,2016,978-0-588-49840-6,1,1,2023-09-01
Switchable bifurcated project,Richard Bird,8,2001,978-1-992442-23-8,0,2,2023-06-11
Persevering bandwidth-monitored collaboration,佐藤 洋介,6,1995,978-0-7094-5843-2,1,1,2023-09-03
Networked web-enabled interface,佐藤 亮介,3,1990,978-0-653-98297-7,1,1,2023-05-18
Persistent neutral data-warehouse,中村 直子,6,1997,978-0-248-13961-8,0,2,2023-05-28
Cross-platform exuding migration,Tyler Miller,3,2012,978-0-929741-19-2,1,1,2023-08-15
Switchable mission-critical firmware,Laura Hill,8,2005,978-0-7283-7883-4,2,1,2023-04-03
Right-sized client-server system engine,Molly Bradford,4,2018,978-1-146-37745-4,2,1,2023-06-10
Optional content-based solution,高橋 稔,5,2020,978-0-605-39193-2,0,2,2023-04-18
Automated asymmetric secured line,Angie Ramos,7,1981,978-1-76311-461-6,1,1,2023-04-02
Open-architected encompassing groupware,井上 直人,6,1988,978-0-7662-3084-2,1,1,2023-07-09
Extended dynamic functionalities,Laura Cooper,5,2017,978-1-4248-0609-6,1,1,2023-06-11
Digitized 24hour encryption,後藤 浩,8,2018,978-0-600-04328-7,1,1,2023-03-23
Optimized intangible moderator,Hannah Smith,7,2006,978-1-170-12566-3,2,1,2023-03-22
Stand-alone uniform algorithm,中村 里佳,3,2008,978-1-214-93063-5,0,2,2023-06-20
Extended content-based middleware,佐藤 さゆり,7,1991,978-1-329-52140-7,0,2,2023-05-16
Fundamental hybrid application,阿部 加奈,2,1982,978-0-433-38630-8,2,1,2023-05-07
Visionary actuating parallelism,林 健一,7,1999,978-0-613-45126-0,0,2,2023-05-02
Diverse dynamic artificial intelligence,森 篤司,3,1985,978-0-16-114097-5,2,1,2023-06-22
Open-source maximized utilization,Gregory Griffin,8,2006,978-1-61456-162-0,1,1,2023-07-06
Robust dynamic budgetary management,池田 さゆり,8,1998,978-1-342-78919-8,2,1,2023-04-26
Cloned reciprocal middleware,Kimberly Lindsey,5,1985,978-0-562-59279-3,2,1,2023-08-28
Customer-focused grid-enabled protocol,石井 花子,8,2012,978-0-456-54525-6,0,2,2023-05-26
Seamless hybrid contingency,Glenn Burton,8,1981,978-0-515-85373-5,1,1,2023-08-04
Face-to-face explicit core,Kristin Hill,3,1984,978-1-81840-650-5,1,1,2023-06-26
Synergized 6thgeneration focus group,橋本 花子,4,2022,978-0-313-72705-4,0,2,2023-07-18
Extended 3rdgeneration access,Heather Sanchez,3,1985,978-0-08-255735-7,2,1,2023-05-03
Re-contextualized asymmetric customer loyalty,佐々木 知実,5,1983,978-1-4070-5937-2,2,1,2023-06-18
Reactive optimal access,Tanya Hughes,5,1995,978-0-85539-853-8,2,1,2023-08-07
Centralized tangible Internet solution,Jacob Summers,4,1982,978-0-87739-169-2,1,1,2023-04-30
Down-sized mission-critical initiative,藤井 香織,4,2016,978-1-66907-873-9,0,2,2023-06-15
Operative encompassing productivity,Lisa Swanson,1,2021,978-1-4930-2307-3,2,1,2023-05-01
Enterprise-wide executive process improvement,Kelly Hall,2,1984,978-0-9697254-1-1,2,1,2023-07-05
Profound interactive capacity,Cory Thornton,3,2014,978-1-899719-65-5,2,1,2023-08-12
Proactive web-enabled interface,田中 舞,5,2022,978-0-09-709911-8,1,1,2023-06-28
Sharable non-volatile circuit,Ebony Hall,4,1988,978-0-16-290064-6,1,1,2023-06-08
Intuitive client-driven support,Beth Oconnor,1,2002,978-0-04-440097-4,2,1,2023-09-01
Public-key grid-enabled matrix,Sandy Wells,1,2014,978-1-4583-8709-7,0,2,2023-03-08
Synergistic client-server hierarchy,Dakota Herrera,5,1999,978-0-452-42193-6,0,2,2023-06-10
Exclusive hybrid intranet,William Gardner,5,2009,978-0-9600664-5-2,1,1,2023-08-28
Phased radical emulation,Laura Wall,6,1995,978-1-81150-912-8,2,1,2023-07-01
Secured coherent circuit,Kimberly Burke,1,1986,978-0-230-85981-4,1,1,2023-06-18
Fully-configurable bandwidth-monitored Graphic Interface,小林 治,1,2009,978-0-665-15440-9,1,1,2023-06-02
Phased solution-oriented Graphical User Interface,中村 零,8,2002,978-1-03-642033-8,0,2,2023-03-15
Implemented bi-directional flexibility,Allison Kelly,1,2013,978-1-5244-1429-0,0,2,2023-07-12
Stand-alone asymmetric superstructure,西村 翔太,8,1981,978-0-264-91144-1,1,1,2023-04-21
Realigned attitude-oriented concept,Robert Torres,5,1996,978-1-307-45097-2,0,2,2023-06-08
Expanded bi-directional attitude,斎藤 太一,6,1997,978-1-212-16861-0,2,1,2023-08-01
Down-sized human-resource forecast,佐藤 舞,4,2001,978-1-4117-6180-3,0,2,2023-07-29
Decentralized dedicated success,Karen Smith,2,1987,978-1-349-05193-9,2,1,2023-08-24
Sharable 24hour secured line,Albert Cox,2,1988,978-1-74978-972-2,1,1,2023-04-06
Stand-alone intermediate help-desk,Anthony Lopez,1,1995,978-1-83660-118-0,2,1,2023-03-04
Quality-focused next generation flexibility,藤田 千代,5,1990,978-1-4564-1020-9,2,1,2023-08-16
Face-to-face uniform hierarchy,高橋 治,5,1983,978-0-381-85085-2,0,2,2023-03-12
Cross-group bandwidth-monitored knowledgebase,Mary Clark,3,2003,978-0-664-27779-6,1,1,2023-03-30
Enterprise-wide analyzing adapter,Scott Zavala,3,2009,978-1-175-41293-5,2,1,2023-08-27
Object-based analyzing algorithm,Gary Bennett,1,2010,978-0-09-307664-9,1,1,2023-06-15
Networked logistical implementation,長谷川 裕樹,3,1984,978-1-5244-0094-1,0,2,2023-04-23
Fully-configurable even-keeled infrastructure,Kelly White,3,2019,978-1-940884-15-8,2,1,2023-09-01
Quality-focused transitional matrix,John Sloan,2,1992,978-1-79801-626-8,0,2,2023-07-31
Business-focused systematic architecture,Robert Henderson,1,2022,978-1-155-13874-9,0,2,2023-05-10
Integrated fault-tolerant protocol,Matthew Terrell,4,2010,978-0-211-89439-1,0,2,2023-05-15
Re-engineered mission-critical encryption,Rickey Thomas,1,1981,978-1-333-42568-5,1,1,2023-06-07
Visionary modular budgetary management,松本 桃子,1,1989,978-1-186-88509-4,0,2,2023-07-29
Multi-tiered next generation adapter,Caitlin Howe,4,2000,978-1-59888-967-3,2,1,2023-03-15
Adaptive regional array,藤田 太一,3,2019,978-1-05-887272-6,1,1,2023-06-03
Sharable homogeneous standardization,Richard Rowe,5,2018,978-0-573-30457-6,1,1,2023-07-24
Adaptive systemic open system,佐藤 聡太郎,8,2009,978-1-214-65916-1,2,1,2023-08-03
Operative foreground open system,石井 知実,7,1992,978-1-9805-7226-8,0,2,2023-07-07
Switchable mission-critical portal,Nicole Harper,2,2001,978-0-08-373105-3,2,1,2023-04-18
Distributed tangible attitude,Christina Jones,7,2001,978-1-09-563541-4,0,2,2023-05-28
Total zero tolerance middleware,Harold Roberts,1,2002,978-0-349-89166-8,2,1,2023-09-07
Networked contextually-based intranet,田中 亮介,7,2009,978-0-07-638038-1,1,1,2023-07-15
Quality-focused radical leverage,Angel Melendez,7,2016,978-1-4277-6910-7,2,1,2023-07-26
Distributed 6thgeneration protocol,Emma Walter,3,2006,978-0-601-25676-1,0,2,2023-04-28
Up-sized multi-tasking policy,佐藤 舞,1,2005,978-0-397-73277-7,1,1,2023-09-04
Universal static info-mediaries,渡辺 稔,1,1997,978-1-60421-283-9,1,1,2023-08-02
Robust hybrid help-desk,高橋 くみ子,1,2014,978-1-965142-07-3,2,1,2023-07-18
Fundamental interactive application,Jack Barnes,6,2012,978-1-76192-767-6,0,2,2023-04-21
Devolved real-time portal,Jacqueline Walton,6,1998,978-1-886253-21-6,2,1,2023-08-31
Expanded tangible parallelism,林 裕美子,3,2007,978-0-10-477528-8,1,1,2023-04-20
Grass-roots clear-thinking implementation,藤井 舞,7,2002,978-1-84359-844-2,2,1,2023-08-22
Optimized contextually-based model,高橋 真綾,1,2010,978-0-564-38856-1,0,2,2023-05-19
Automated upward-trending solution,山下 洋介,3,1996,978-0-7392-6343-3,1,1,2023-03-05
Synchronized modular benchmark,岡田 晃,5,2022,978-0-89191-837-0,1,1,2023-07-01
Seamless grid-enabled concept,Theresa Herrera DDS,6,1995,978-1-4359-2506-9,2,1,2023-05-29
Business-focused upward-trending contingency,田中 健一,7,1989,978-0-271-30243-0,2,1,2023-04-19
Synergistic methodical challenge,山本 直人,2,1996,978-0-395-44264-7,2,1,2023-04-07
Balanced composite knowledge user,遠藤 康弘,7,2023,978-0-595-54926-9,0,2,2023-08-02
De-engineered encompassing complexity,Jessica Cannon,8,1986,978-0-938047-43-8,0,2,2023-07-15
Mandatory upward-trending capacity,Joshua Holland,8,2001,978-0-7240-8337-4,2,1,2023-03-19
Realigned discrete superstructure,Zachary Sandoval,7,1997,978-0-02-386274-8,2,1,2023-07-03
Virtual value-added architecture,木村 直子,8,2017,978-0-07-038064-6,2,1,2023-03-15
Horizontal even-keeled Graphical User Interface,山下 晃,2,1989,978-1-66173-737-5,2,1,2023-08-26
Up-sized bandwidth-monitored utilization,Amber Rogers,2,2004,978-1-08-430180-1,1,1,2023-05-27
Reverse-engineered responsive frame,Christopher Andrews,8,2009,978-1-348-41358-5,2,1,2023-06-27
Balanced mission-critical superstructure,伊藤 淳,8,2008,978-0-359-37635-3,1,1,2023-04-29
Profit-focused multi-state strategy,Monica Stewart,5,1989,978-1-240-10099-6,1,1,2023-04-10
Reverse-engineered logistical database,Raven Castillo,2,2007,978-0-11-419636-3,0,2,2023-04-10
Extended object-oriented frame,藤井 香織,3,1999,978-1-969463-78-5,2,1,2023-05-26
Future-proofed methodical flexibility,William Nelson,1,1980,978-1-958905-06-7,0,2,2023-07-31
Public-key solution-oriented product,Kim Johnson,2,1985,978-0-678-48527-9,2,1,2023-08-28
Advanced holistic budgetary management,高橋 里佳,5,2001,978-0-266-86350-2,0,2,2023-06-15
Open-architected optimal data-warehouse,Benjamin Watson,6,1981,978-0-473-61871-1,1,1,2023-04-14
Exclusive asynchronous methodology,Lisa Paul,1,1993,978-1-371-79982-3,0,2,2023-05-19
Re-engineered modular open architecture,小林 亮介,6,1980,978-0-607-32727-4,0,2,2023-04-03
Down-sized zero administration parallelism,遠藤 くみ子,7,2019,978-1-63161-363-0,1,1,2023-07-09
Operative bifurcated frame,Kaitlyn Nelson,6,2004,978-1-86871-744-6,1,1,2023-03-11
Open-source reciprocal infrastructure,Juan French,3,2011,978-0-620-29684-7,0,2,2023-05-04
Optional upward-trending monitoring,石川 千代,5,1980,978-1-229-69506-2,1,1,2023-04-29
Front-line national knowledge user,Hannah Gill,5,1988,978-0-15-723959-1,0,2,2023-04-18
Centralized multi-tasking strategy,後藤 幹,7,2019,978-0-414-17858-8,1,1,2023-04-22
Synergistic actuating time-frame,山田 香織,7,2010,978-0-02-847358-1,1,1,2023-05-29
Digitized executive middleware,橋本 くみ子,3,2017,978-0-05-533946-1,2,1,2023-08-18
Sharable dedicated monitoring,斉藤 治,8,2020,978-1-118-34397-5,2,1,2023-06-10
Face-to-face foreground encryption,山崎 あすか,8,2002,978-0-357-76313-1,0,2,2023-07-21
Grass-roots leadingedge functionalities,Michael Vasquez,5,2004,978-1-115-06386-9,2,1,2023-07-09
Operative uniform info-mediaries,Lisa Perry,7,2000,978-0-409-96477-6,2,1,2023-05-02
Networked responsive initiative,吉田 翔太,5,2011,978-1-01-358127-4,2,1,2023-03-04
Exclusive background synergy,Andrew Mitchell,3,2002,978-0-236-48476-8,2,1,2023-04-16
De-engineered reciprocal Graphic Interface,Pamela West,3,2007,978-1-9754-5284-1,1,1,2023-06-06
Balanced intermediate support,Erica Johnston,8,2022,978-0-7636-1365-5,1,1,2023-03-15
Focused directional help-desk,鈴木 篤司,1,2000,978-1-913885-33-5,0,2,2023-06-10
Networked national conglomeration,佐藤 知実,6,2013,978-1-82342-470-9,1,1,2023-04-14
Synergistic asynchronous knowledge user,田中 裕樹,1,1984,978-1-326-68758-8,1,1,2023-08-06
Virtual client-server migration,John Jones,7,2015,978-0-19-243975-8,2,1,2023-03-29
Networked uniform Graphical User Interface,山田 裕太,7,2003,978-1-398-74579-7,0,2,2023-06-23
Upgradable grid-enabled Internet solution,佐々木 淳,3,2005,978-0-316-74728-8,1,1,2023-05-31
Inverse regional Graphic Interface,渡辺 香織,6,1993,978-0-272-29901-2,0,2,2023-07-22
Fundamental fault-tolerant knowledgebase,山本 翼,3,1998,978-0-938552-77-2,0,2,2023-08-18
Stand-alone stable groupware,小川 充,3,2004,978-1-935140-38-2,1,1,2023-04-20
Multi-lateral mission-critical knowledgebase,Shannon Webb,6,1989,978-0-661-29646-2,0,2,2023-03-13
Grass-roots 24/7 project,Stephanie Cruz,2,2001,978-0-249-42305-1,2,1,2023-08-05
Sharable demand-driven alliance,Patty Sanchez,6,2023,978-1-326-49264-9,1,1,2023-05-08
Compatible uniform info-mediaries,吉田 翼,8,1982,978-0-14-285033-6,0,2,2023-08-16
Centralized zero-defect benchmark,Michael Williams,8,1988,978-0-356-99855-8,0,2,2023-02-26
Customer-focused exuding hardware,Russell Paul,4,1996,978-0-19-213055-6,2,1,2023-03-08
Multi-channeled exuding superstructure,Alicia Chambers,3,1982,978-1-77925-370-5,2,1,2023-07-05
Configurable logistical Internet solution,Kathryn Montoya,2,2001,978-1-59345-368-8,1,1,2023-04-03
Cross-platform composite ability,Briana Roberts,2,2016,978-1-902197-95-1,2,1,2023-05-31
Polarized asynchronous frame,Jacob Gonzales,7,2014,978-0-13-107383-8,1,1,2023-04-23
Future-proofed eco-centric data-warehouse,橋本 七夏,4,1980,978-0-940271-54-8,2,1,2023-04-10
Secured secondary collaboration,田中 亮介,6,1992,978-0-8381-9138-5,1,1,2023-07-20
Multi-channeled reciprocal throughput,Alexis Combs,1,2014,978-1-4360-5423-2,1,1,2023-03-29
User-friendly didactic orchestration,Jason Spencer,6,1995,978-1-191-60892-3,1,1,2023-08-28
Realigned hybrid throughput,Casey Barajas,8,2000,978-0-8211-9572-7,1,1,2023-06-29
Programmable web-enabled hardware,高橋 知実,7,2007,978-0-619-29686-5,0,2,2023-06-09
Phased 6thgeneration help-desk,Lisa Evans,7,1984,978-1-990810-18-3,1,1,2023-03-19
Ameliorated interactive emulation,藤原 知実,6,2006,978-0-19-270228-9,1,1,2023-07-21
Mandatory encompassing circuit,Terry Riley,3,2014,978-1-897382-06-6,0,2,2023-06-11
Reactive 6thgeneration website,Richard Chambers,5,1982,978-1-03-687469-8,0,2,2023-06-10
Object-based mission-critical paradigm,Jordan Brown,7,2015,978-1-67935-986-6,0,2,2023-03-31
Networked eco-centric application,佐々木 直人,1,2018,978-1-06-111886-6,0,2,2023-06-10
Quality-focused background collaboration,清水 太郎,8,2012,978-1-62443-131-9,0,2,2023-03-01
Team-oriented tangible frame,村上 翔太,8,1989,978-0-906883-01-3,2,1,2023-07-27
Synergized optimizing Graphical User Interface,佐々木 美加子,1,2009,978-1-65496-256-2,1,1,2023-07-09
Grass-roots modular budgetary management,高橋 健一,5,2011,978-0-08-670670-6,2,1,2023-03-31
Cross-group mission-critical functionalities,中島 充,1,2012,978-1-175-08007-3,1,1,2023-04-05
Ameliorated uniform parallelism,小川 篤司,4,2010,978-1-158-46369-5,2,1,2023-07-27
Sharable high-level secured line,森 亮介,2,1986,978-1-60550-882-5,1,1,2023-02-25
Open-source didactic functionalities,山田 里佳,1,1981,978-1-296-82347-4,0,2,2023-03-27
Open-source 24hour forecast,Jesus Palmer,1,1994,978-0-944418-45-1,1,1,2023-08-08
Re-contextualized bi-directional challenge,Joshua White,3,2020,978-0-8223-6088-9,1,1,2023-03-13
Devolved foreground data-warehouse,Elizabeth Chandler,5,2005,978-0-233-33612-1,1,1,2023-08-17
Grass-roots human-resource application,Christine Salinas DDS,6,1991,978-1-4142-6900-9,2,1,2023-07-29
Automated global productivity,山田 真綾,8,2022,978-1-05-496953-6,2,1,2023-04-10
Secured composite process improvement,青木 知実,8,1993,978-1-384-96983-1,1,1,2023-08-01
Distributed zero administration success,中村 裕美子,6,2019,978-1-56962-967-3,2,1,2023-08-04
Versatile hybrid standardization,山下 結衣,5,2020,978-1-01-551511-6,1,1,2023-05-10
Multi-channeled logistical process improvement,Jason Lara,5,2019,978-1-75606-252-8,1,1,2023-03-23
Sharable cohesive core,Diane Garcia,1,1981,978-1-63051-355-9,2,1,2023-07-02
Synchronized composite hardware,Shelby Richard,3,2003,978-0-645-09398-8,0,2,2023-05-12
Extended high-level access,佐藤 健一,6,2013,978-0-302-78808-0,1,1,2023-06-04
Up-sized even-keeled parallelism,Elizabeth Robinson,3,1993,978-0-8215-9601-2,2,1,2023-07-15
Secured interactive budgetary management,山口 亮介,1,2015,978-1-65646-264-0,1,1,2023-05-31
Sharable value-added installation,中川 桃子,5,1997,978-0-9525267-1-1,2,1,2023-06-26
Synergized explicit pricing structure,Alexandra Cooper,2,2015,978-1-65427-619-5,0,2,2023-03-04
Expanded zero tolerance synergy,Anna Wade,2,2023,978-0-451-04134-0,2,1,2023-08-17
Centralized local framework,佐藤 聡太郎,1,2016,978-0-453-28560-5,0,2,2023-07-03
Intuitive cohesive instruction set,田中 康弘,6,2016,978-1-9795-9490-5,2,1,2023-08-12
Expanded transitional collaboration,山口 太一,2,1994,978-0-89019-835-3,0,2,2023-04-29
Cloned zero-defect solution,鈴木 拓真,3,1980,978-1-881250-67-8,1,1,2023-07-26
Universal human-resource function,Michael White,7,1983,978-1-154-64442-5,0,2,2023-06-05
Secured neutral database,Steven Mcmahon,5,2020,978-0-461-05600-6,2,1,2023-06-26
Stand-alone context-sensitive database,Cathy Vega,3,2012,978-1-81172-550-4,0,2,2023-04-08
Face-to-face 24hour website,Joshua Elliott,6,2003,978-0-7469-3908-6,2,1,2023-08-25
Stand-alone upward-trending interface,高橋 あすか,5,1988,978-1-9803-8230-0,1,1,2023-07-08
Ameliorated multimedia superstructure,Catherine Snow,7,1990,978-0-384-51115-6,0,2,2023-04-26
Profit-focused actuating benchmark,井上 くみ子,6,2004,978-0-600-44030-7,1,1,2023-08-20
Inverse multi-tasking concept,Sarah Velasquez,8,1993,978-0-06-198530-0,0,2,2023-03-18
Decentralized impactful info-mediaries,Amy Ross,3,1982,978-0-10-859289-8,0,2,2023-07-25
Synergized hybrid core,鈴木 浩,3,2020,978-1-66932-086-9,2,1,2023-07-22
Enterprise-wide holistic projection,Deborah Fernandez,4,2000,978-0-7993-8839-8,0,2,2023-04-10
Centralized 5thgeneration adapter,中島 花子,5,2005,978-1-60464-102-8,2,1,2023-05-04
Future-proofed incremental contingency,田中 香織,7,2003,978-0-224-01996-5,2,1,2023-04-25
Open-source system-worthy capability,太田 舞,5,1985,978-0-305-90179-0,2,1,2023-05-02
Assimilated context-sensitive circuit,田中 拓真,1,2013,978-0-236-78286-4,2,1,2023-06-13
Business-focused clear-thinking algorithm,Dr. Joseph Middleton,3,2020,978-1-261-00829-5,0,2,2023-04-07
Visionary logistical definition,Rachel Lewis,6,2005,978-1-02-474406-4,0,2,2023-03-28
Pre-emptive optimizing array,石井 幹,1,2009,978-1-68368-297-4,0,2,2023-07-05
Synergized asynchronous encryption,Robert Jennings,1,1997,978-0-8020-3514-1,2,1,2023-04-11
Innovative intermediate encoding,Jessica Rodriguez,8,1991,978-0-07-882762-4,2,1,2023-07-08
Polarized cohesive time-frame,山口 千代,5,1993,978-0-7062-5360-3,1,1,2023-09-02
Vision-oriented optimal approach,伊藤 春香,1,1991,978-1-190-41636-9,2,1,2023-05-12
Team-oriented static Local Area Network,太田 裕樹,7,2021,978-1-318-27237-2,1,1,2023-03-24
Managed leadingedge data-warehouse,Jennifer Sims,4,1997,978-1-05-505751-5,2,1,2023-06-07
Cross-platform explicit matrices,Mr. Shawn Fisher,5,1993,978-1-86618-660-2,1,1,2023-06-08
Streamlined tertiary capability,高橋 直樹,8,2021,978-1-925113-78-5,1,1,2023-08-09
Profound neutral conglomeration,斎藤 くみ子,6,2011,978-0-363-39490-9,2,1,2023-03-15
Re-contextualized interactive moderator,村上 桃子,3,2004,978-1-5167-1590-9,1,1,2023-06-05
Public-key human-resource moratorium,後藤 知実,2,1993,978-1-58900-996-7,2,1,2023-03-10
Optional impactful toolset,William Strong,6,2005,978-1-274-16272-4,2,1,2023-06-04
Diverse contextually-based orchestration,鈴木 治,2,1986,978-0-226-50278-6,0,2,2023-05-27
Mandatory tangible knowledgebase,Jennifer Mahoney,3,1986,978-1-344-59252-9,2,1,2023-03-15
Right-sized transitional encoding,林 零,5,1989,978-1-367-69845-1,2,1,2023-03-31
Open-source zero administration encryption,長谷川 明美,7,2020,978-0-419-83667-4,1,1,2023-06-20
Progressive heuristic hardware,山田 篤司,8,2000,978-0-01-516693-9,2,1,2023-09-01
Switchable optimal frame,中村 幹,6,1998,978-1-55625-152-8,2,1,2023-08-14
Advanced clear-thinking functionalities,近藤 京助,2,1982,978-1-281-92391-2,2,1,2023-05-27
Cloned demand-driven benchmark,伊藤 七夏,1,1993,978-1-69058-374-5,1,1,2023-06-17
Operative incremental leverage,Jennifer Robinson,4,2013,978-1-302-59287-5,0,2,2023-03-01
Intuitive real-time paradigm,中川 裕樹,5,1988,978-0-17-314694-1,1,1,2023-05-05
Re-engineered mobile adapter,Brenda Snyder,1,2009,978-0-908772-53-7,0,2,2023-08-26
Innovative real-time throughput,Lisa Eaton,8,2010,978-0-327-30512-5,2,1,2023-04-23
Multi-tiered neutral hub,Bryan Peck,8,2012,978-1-70284-199-3,0,2,2023-03-31
Business-focused multi-state workforce,Tammy Hawkins,8,2005,978-1-81717-861-8,0,2,2023-03-22
Down-sized intermediate synergy,David Morrison,5,2014,978-1-56616-723-9,0,2,2023-08-03
Diverse optimal knowledgebase,小林 康弘,1,2002,978-1-67034-350-5,1,1,2023-03-04
Cross-group maximized orchestration,Pamela Hunt,4,1980,978-0-281-65214-3,0,2,2023-07-30
Distributed tertiary moratorium,Mr. Robert Duncan DVM,4,2020,978-0-215-06363-2,0,2,2023-02-25
Multi-layered needs-based installation,岡本 七夏,6,2014,978-1-4797-9135-4,1,1,2023-08-25
Phased modular contingency,Steven Perez,7,2014,978-0-374-53510-0,2,1,2023-04-21
Stand-alone mission-critical analyzer,Bethany Martinez,8,2017,978-1-66458-809-7,1,1,2023-04-22
Devolved 5thgeneration projection,小林 明美,7,1983,978-1-75351-929-2,2,1,2023-07-08
Switchable didactic array,山田 加奈,1,1988,978-1-194-04775-0,2,1,2023-03-10
Secured 3rdgeneration function,山本 翔太,3,1996,978-1-244-81094-5,0,2,2023-08-04
Integrated cohesive standardization,藤井 知実,4,2001,978-0-263-64918-5,0,2,2023-07-29
Phased stable standardization,小林 あすか,7,2011,978-1-301-14021-3,1,1,2023-06-19
Synergistic intangible interface,林 直子,3,2005,978-1-327-07700-5,1,1,2023-04-27
Exclusive global adapter,鈴木 直子,8,1996,978-1-5326-9567-4,2,1,2023-03-21
Compatible eco-centric open system,James Carey,6,1986,978-1-145-94658-3,2,1,2023-04-24
Devolved systematic flexibility,Cody May,7,2008,978-0-01-057504-0,1,1,2023-04-01
Customer-focused interactive open architecture,小林 明美,4,2000,978-0-570-68758-0,0,2,2023-05-29
Profound impactful concept,Brittany Jackson,6,1990,978-0-666-46754-6,0,2,2023-03-05
Adaptive well-modulated frame,山崎 里佳,6,2009,978-1-63834-370-7,2,1,2023-06-01
Cloned composite time-frame,Andrea James,8,2020,978-1-917599-92-4,2,1,2023-05-15
Universal upward-trending alliance,吉田 翔太,1,2005,978-0-564-22284-1,0,2,2023-03-14
Triple-buffered eco-centric data-warehouse,Tina Taylor,3,2020,978-1-936100-59-0,1,1,2023-03-15
Front-line asymmetric Graphical User Interface,村上 春香,6,2016,978-0-01-004274-0,1,1,2023-03-26
Total 24hour capacity,Rodney Rodriguez,4,2015,978-0-9649638-1-8,0,2,2023-06-04
Compatible fault-tolerant leverage,斎藤 翔太,6,2022,978-1-348-31198-0,0,2,2023-03-16
Fundamental dynamic functionalities,吉田 翔太,5,1980,978-1-06-567270-8,0,2,2023-06-05
Stand-alone human-resource benchmark,Matthew Leblanc,7,1998,978-0-463-58293-0,2,1,2023-06-12
Exclusive bottom-line moderator,Cameron Simpson,1,2013,978-1-256-20069-7,0,2,2023-07-10
Upgradable analyzing application,Timothy Rowe,6,2023,978-1-928280-97-2,2,1,2023-03-01
Visionary solution-oriented alliance,三浦 加奈,2,1993,978-1-896198-36-1,0,2,2023-03-14
Synchronized bi-directional function,Jesse Marquez,4,1981,978-1-304-32637-9,1,1,2023-07-23
Synergistic mobile contingency,藤井 裕樹,3,2003,978-0-9534396-1-4,0,2,2023-07-26
Grass-roots client-server challenge,渡辺 真綾,7,2004,978-0-596-95330-0,1,1,2023-07-17
Synergistic coherent methodology,William Thomas,1,1995,978-1-340-69207-0,1,1,2023-05-16
Extended responsive pricing structure,鈴木 裕美子,4,1983,978-1-57539-410-7,2,1,2023-03-08
User-centric bi-directional functionalities,佐藤 京助,7,1999,978-1-03-826602-6,1,1,2023-07-10
Optimized empowering neural-net,Douglas Lee,1,1997,978-0-8480-2044-6,1,1,2023-04-21
Total foreground hub,Jeffrey Newton,7,2023,978-1-63374-899-6,1,1,2023-08-28
Ameliorated disintermediate firmware,石井 洋介,3,2006,978-0-416-97859-9,0,2,2023-04-20
Persistent human-resource throughput,佐々木 太郎,3,2009,978-1-942366-46-1,1,1,2023-07-09
Upgradable upward-trending benchmark,小林 修平,7,2021,978-0-7950-1029-3,0,2,2023-05-01
Focused holistic adapter,Mary Blake,5,2021,978-0-02-026250-3,2,1,2023-07-11
Expanded client-server matrix,中川 春香,5,2003,978-0-8465-5869-9,0,2,2023-07-07
Automated empowering projection,森 治,1,2014,978-0-17-926619-3,1,1,2023-04-23
Synergized empowering workforce,Kristine Dodson,6,1993,978-0-7126-3618-6,0,2,2023-05-08
Networked intermediate concept,渡辺 花子,4,2018,978-1-5303-8475-4,1,1,2023-07-23
Robust uniform Graphic Interface,松田 涼平,6,1998,978-0-19-815060-2,2,1,2023-08-07
Business-focused homogeneous matrix,岡本 真綾,7,2003,978-0-05-680875-1,2,1,2023-08-09
Optimized system-worthy standardization,Stephanie Bishop,8,1994,978-0-7727-1312-4,1,1,2023-03-05
Persistent cohesive ability,Carolyn Anderson,7,2008,978-0-01-152386-6,0,2,2023-06-22
Multi-channeled bi-directional superstructure,高橋 亮介,1,2015,978-0-639-02996-2,2,1,2023-07-05
Customer-focused next generation data-warehouse,村上 真綾,1,2008,978-0-264-76041-4,1,1,2023-05-09
Mandatory exuding model,三浦 充,7,2017,978-0-10-473704-0,1,1,2023-07-07
Reduced radical Graphic Interface,山本 里佳,2,1983,978-0-8171-4073-1,2,1,2023-03-11
Integrated global parallelism,近藤 亮介,4,2008,978-0-922892-73-0,1,1,2023-04-13
Triple-buffered context-sensitive framework,斎藤 拓真,7,2017,978-1-4550-3022-4,1,1,2023-06-05
Proactive analyzing hub,福田 さゆり,7,1986,978-1-5395-9434-5,2,1,2023-04-08
Adaptive scalable functionalities,Mary White DDS,5,2005,978-0-07-657173-4,2,1,2023-09-06
Fundamental analyzing utilization,高橋 桃子,7,2006,978-0-9854277-3-3,2,1,2023-07-14
Pre-emptive asymmetric circuit,山田 淳,6,2003,978-1-246-38238-9,0,2,2023-04-11
Ameliorated upward-trending methodology,中島 修平,1,2006,978-0-7473-5486-4,2,1,2023-03-04
Automated static algorithm,Jennifer Fernandez,1,2011,978-0-505-36231-5,1,1,2023-04-02
Polarized even-keeled capacity,Robert Torres,2,1996,978-0-09-067815-0,1,1,2023-09-07
Function-based disintermediate budgetary management,Joshua Perez,7,2009,978-0-7279-6195-2,2,1,2023-09-04
Virtual web-enabled infrastructure,Amber Russell,8,2000,978-1-231-76166-3,2,1,2023-08-24
Quality-focused zero tolerance parallelism,田中 零,5,2003,978-0-7601-0029-5,2,1,2023-03-25
Progressive bandwidth-monitored task-force,清水 七夏,7,1986,978-1-62249-295-4,1,1,2023-06-23
Streamlined intermediate strategy,清水 明美,5,1982,978-1-59224-346-4,2,1,2023-03-07
Synergized grid-enabled open architecture,岡本 明美,5,2013,978-1-993488-71-6,1,1,2023-06-19
Switchable 24/7 extranet,Shane Smith,4,1995,978-1-69501-166-3,1,1,2023-07-09
Open-architected exuding website,伊藤 直人,1,1990,978-0-689-53567-3,2,1,2023-04-08
Public-key holistic intranet,Jenna Taylor,8,1982,978-1-172-16218-5,0,2,2023-04-21
Sharable non-volatile encryption,Jacqueline Choi,4,1995,978-0-564-52651-2,0,2,2023-04-27
Fundamental explicit system engine,Sergio Cameron,6,2021,978-1-7393700-2-2,0,2,2023-06-27
De-engineered explicit infrastructure,山本 京助,8,1988,978-1-55425-590-0,0,2,2023-04-25
Ergonomic directional policy,Jody Lopez,7,1994,978-1-946565-31-0,0,2,2023-05-16
Automated context-sensitive portal,中村 稔,2,2017,978-1-178-11889-6,2,1,2023-08-18
Decentralized maximized productivity,藤田 修平,4,2010,978-0-7922-4166-9,1,1,2023-05-31
Versatile 3rdgeneration success,Thomas Skinner,2,1980,978-1-4423-2672-9,0,2,2023-05-22
Open-architected secondary circuit,Natalie Sandoval,7,1993,978-1-328-91182-7,0,2,2023-07-20
Extended intermediate adapter,Kevin Haley,5,2006,978-1-4214-0110-2,2,1,2023-07-27
Streamlined discrete ability,小川 裕美子,3,1998,978-0-16-707788-6,2,1,2023-07-09
Re-contextualized systemic encryption,Sarah Wilson,1,2004,978-1-9772-4155-9,2,1,2023-03-25
Mandatory high-level matrices,阿部 裕太,1,1984,978-0-457-79372-4,2,1,2023-07-22
Optimized logistical encryption,高橋 花子,5,1992,978-1-218-63155-2,0,2,2023-08-04
Innovative holistic system engine,渡辺 康弘,4,2011,978-1-907140-11-2,2,1,2023-08-18
Switchable incremental database,Jessica Ortiz,7,2011,978-0-655-41612-8,0,2,2023-08-28
Balanced grid-enabled firmware,Emily Rowe,6,2008,978-0-920214-61-9,0,2,2023-03-26
Synchronized solution-oriented access,松本 京助,7,2000,978-1-276-49405-2,1,1,2023-08-26
Public-key tertiary service-desk,中川 あすか,4,2018,978-1-83284-228-0,0,2,2023-07-19
Multi-tiered fresh-thinking capability,井上 千代,2,1998,978-1-5297-3649-6,2,1,2023-03-01
Public-key regional parallelism,Laura Turner,6,2007,978-1-968130-70-1,1,1,2023-05-17
Synergized optimizing customer loyalty,Billy King,1,1995,978-0-9610077-0-6,0,2,2023-04-14
Inverse zero tolerance access,Jason Perry,1,1997,978-1-5203-1877-6,0,2,2023-03-12
Adaptive needs-based knowledge user,伊藤 太郎,4,2020,978-0-18-595932-4,2,1,2023-02-27
Vision-oriented system-worthy forecast,Richard Allen,8,2019,978-0-293-58903-1,2,1,2023-08-07
Reactive attitude-oriented orchestration,Adrian Hicks,1,2022,978-0-449-54587-4,2,1,2023-08-11
Exclusive leadingedge complexity,岡田 翼,8,2005,978-1-125-59480-3,1,1,2023-07-05
Cloned incremental workforce,小林 くみ子,3,1989,978-0-17-945863-5,1,1,2023-06-16
Customizable 24/7 data-warehouse,小林 花子,2,1983,978-1-227-00662-4,2,1,2023-04-16
Realigned analyzing system engine,青木 零,6,2003,978-1-68574-424-3,1,1,2023-05-30
Mandatory needs-based product,三浦 康弘,5,2017,978-1-931474-91-7,1,1,2023-08-23
Managed incremental knowledgebase,James Carr,7,2014,978-0-7320-4093-2,0,2,2023-04-14
Optimized coherent Graphical User Interface,Cynthia Myers,1,1982,978-1-246-32054-1,0,2,2023-06-29
Profit-focused 24hour methodology,佐藤 結衣,7,2017,978-1-4725-2305-1,0,2,2023-06-10
Virtual discrete framework,Tanya Hicks,5,2011,978-0-655-42672-1,2,1,2023-05-15
Multi-lateral composite alliance,鈴木 直人,1,2008,978-1-07-591424-9,0,2,2023-03-01
Mandatory intangible utilization,Michael Miller,4,2006,978-1-199-65933-0,0,2,2023-08-21
Extended executive knowledgebase,Thomas Sullivan,7,2018,978-1-170-29250-1,1,1,2023-08-28
Visionary client-server standardization,小林 花子,4,1986,978-1-62188-349-4,1,1,2023-09-06
Progressive zero tolerance function,小林 充,4,1983,978-1-347-84590-5,0,2,2023-05-16
Versatile radical success,Benjamin Lee,5,2010,978-1-4381-7287-3,0,2,2023-08-24
Organic didactic database,森 七夏,2,2012,978-1-04-234423-9,2,1,2023-06-27
Enhanced contextually-based adapter,山田 洋介,6,2022,978-1-874031-89-5,1,1,2023-04-22
Configurable 4thgeneration portal,山田 里佳,4,1987,978-1-876246-82-2,2,1,2023-07-16
Sharable high-level productivity,伊藤 美加子,6,1981,978-1-344-60615-8,2,1,2023-06-04
Synchronized upward-trending open architecture,石井 聡太郎,7,2008,978-0-7984-4736-2,2,1,2023-08-11
Configurable methodical budgetary management,Erin Gibson,4,2012,978-0-383-74917-8,1,1,2023-04-21
Ameliorated directional ability,Wendy Olson,2,2000,978-1-342-63159-6,0,2,2023-04-18
Devolved human-resource definition,Rachel Robinson,4,1992,978-0-923507-04-6,1,1,2023-03-28
Function-based value-added time-frame,山口 充,8,2000,978-0-02-172746-9,1,1,2023-03-22
Total incremental orchestration,吉田 舞,6,2018,978-1-944663-96-4,2,1,2023-08-20
Persistent fresh-thinking database,村上 健一,3,2002,978-1-4737-5762-2,1,1,2023-05-06
Monitored composite alliance,清水 直人,2,2017,978-0-465-80965-3,1,1,2023-07-29
Visionary web-enabled infrastructure,Brittany Robertson,4,1992,978-0-416-26103-5,0,2,2023-08-28
Exclusive bottom-line framework,Hayley Huynh,4,1983,978-1-276-66905-4,2,1,2023-07-22
Customizable next generation projection,Lee Johnston,8,2023,978-0-540-06052-8,2,1,2023-06-28
Implemented grid-enabled budgetary management,Amy Meyer,4,2005,978-1-81255-478-3,1,1,2023-07-04
User-friendly stable moderator,Hannah Mann,3,1992,978-0-8071-3538-9,0,2,2023-06-01
Distributed analyzing approach,Carrie Sandoval,3,2003,978-1-74777-598-7,0,2,2023-05-01
Virtual exuding concept,山下 あすか,1,2000,978-0-04-379095-3,2,1,2023-05-07
Grass-roots tertiary frame,Isaac Rice,5,1996,978-0-663-97227-2,2,1,2023-04-06
Switchable client-driven hub,中村 零,3,2003,978-0-374-25138-3,0,2,2023-07-06
Grass-roots encompassing function,Brandon Francis,1,2009,978-1-912812-94-3,2,1,2023-05-30
Multi-layered maximized installation,Johnny Wright,5,1985,978-0-631-05814-4,1,1,2023-05-08
Persevering global pricing structure,Courtney Mosley,3,1989,978-1-70367-110-0,0,2,2023-07-24
Future-proofed multi-state process improvement,伊藤 真綾,6,2015,978-0-88637-240-8,2,1,2023-07-09
Automated context-sensitive capacity,高橋 あすか,5,1998,978-0-329-54601-4,2,1,2023-07-20
Multi-layered local software,Brenda Mcfarland,7,1994,978-1-63784-656-8,1,1,2023-04-14
Future-proofed incremental Graphic Interface,森 稔,2,1992,978-1-181-99444-9,1,1,2023-05-13
Distributed methodical leverage,山田 充,8,2018,978-0-87229-988-7,2,1,2023-08-28
Function-based didactic Graphic Interface,Ryan Kim,4,2020,978-0-11-006017-0,1,1,2023-05-29
Reverse-engineered modular parallelism,加藤 亮介,1,1989,978-0-398-12180-8,1,1,2023-06-06
Cross-group stable matrix,Tyrone Walker,2,2023,978-1-209-01525-5,1,1,2023-06-07
Profit-focused mobile array,Christopher Ballard,7,2004,978-1-57661-485-3,1,1,2023-05-27
Grass-roots logistical solution,前田 智也,5,2015,978-1-00-934758-7,0,2,2023-06-26
Organic real-time installation,Ronald Marquez,7,2019,978-1-280-98441-9,1,1,2023-08-25
Object-based scalable workforce,鈴木 太一,2,2020,978-1-4252-3445-4,0,2,2023-04-19
Multi-lateral well-modulated solution,Michael Thompson,6,1987,978-1-76647-313-0,2,1,2023-08-06
Virtual directional core,佐藤 健一,5,2012,978-1-959002-39-0,1,1,2023-03-20
Reduced exuding project,Mary Rivera,2,2010,978-0-7013-4208-1,1,1,2023-07-21
Extended uniform standardization,Bradley Manning,7,2005,978-1-9864-0459-4,1,1,2023-06-22
Grass-roots empowering pricing structure,Paul Burton,8,1983,978-1-58949-901-0,2,1,2023-08-30
Implemented tertiary secured line,橋本 さゆり,6,2016,978-0-247-71634-6,0,2,2023-07-16
Customizable holistic conglomeration,Teresa Skinner,8,1985,978-0-513-83563-4,0,2,2023-06-05
Open-source global throughput,木村 学,5,1988,978-1-4784-9096-8,2,1,2023-08-13
Automated attitude-oriented project,Lisa Carlson,1,2017,978-0-699-36712-7,2,1,2023-08-25
Fundamental non-volatile database,Sandra Barrett,6,2016,978-0-936598-06-2,1,1,2023-04-26
Quality-focused full-range product,小林 美加子,1,2007,978-0-409-82913-6,0,2,2023-03-12
Optimized national Internet solution,Sally Davis,8,2015,978-1-02-219472-4,2,1,2023-04-03
User-centric 24hour knowledgebase,斉藤 充,7,2017,978-0-597-27524-1,0,2,2023-03-27
Customer-focused zero administration standardization,山本 拓真,1,1999,978-1-83492-730-5,2,1,2023-04-19
Proactive upward-trending installation,阿部 直人,4,2018,978-1-314-18237-8,1,1,2023-07-18
Profit-focused mission-critical hub,岡田 裕美子,6,2013,978-1-388-88222-8,2,1,2023-08-19
Cross-platform reciprocal Internet solution,藤田 康弘,4,2016,978-1-283-73009-9,1,1,2023-08-02
Assimilated mobile methodology,Jennifer Castillo,2,2000,978-0-7308-9949-5,2,1,2023-07-13
Multi-channeled background database,Spencer Arnold,6,2011,978-1-187-90128-1,2,1,2023-09-06
Operative client-driven open architecture,森 英樹,6,1989,978-0-02-777996-7,0,2,2023-08-16
Organized empowering pricing structure,Todd Gonzalez,5,2023,978-1-207-74637-3,0,2,2023-02-28
Function-based 24hour neural-net,Leonard Williamson,7,2000,978-0-584-86283-6,1,1,2023-05-08
Stand-alone bottom-line solution,佐藤 零,6,1998,978-1-67417-910-0,0,2,2023-05-23
Adaptive neutral complexity,太田 学,8,1996,978-1-58508-783-9,0,2,2023-05-20
Triple-buffered multi-state infrastructure,後藤 香織,3,2020,978-1-71097-456-0,1,1,2023-03-27
Cloned interactive middleware,Scott French II,5,1994,978-1-342-98195-0,2,1,2023-03-30
Balanced incremental analyzer,山本 太一,3,1987,978-0-15-265607-2,0,2,2023-05-24
Visionary well-modulated standardization,Michele Webster,3,2013,978-1-69786-200-3,1,1,2023-08-17
Persevering eco-centric archive,Heather Glass,1,2008,978-0-7556-4335-6,1,1,2023-05-28
Distributed multi-state time-frame,Jennifer Sims,6,2008,978-0-8303-9344-2,1,1,2023-05-15
Stand-alone logistical database,小林 健一,6,1995,978-1-215-75641-8,2,1,2023-07-17
Ameliorated cohesive hub,林 晃,7,2020,978-0-03-888538-1,1,1,2023-07-30
Fully-configurable bi-directional hierarchy,Ebony Willis,6,2000,978-1-997724-22-3,1,1,2023-08-28
Robust next generation system engine,遠藤 零,3,1987,978-0-387-25963-5,1,1,2023-06-13
Streamlined web-enabled algorithm,Jeffrey Maynard,8,2019,978-1-107-65203-3,0,2,2023-07-05
Reverse-engineered needs-based artificial intelligence,Tristan Nielsen,6,1982,978-1-62579-127-6,1,1,2023-08-18
Polarized content-based algorithm,田中 学,3,2016,978-0-349-22541-8,2,1,2023-08-28
Front-line upward-trending time-frame,Gerald Rivera,5,1985,978-0-529-45281-8,2,1,2023-08-23
Down-sized tangible database,井上 翔太,7,2008,978-0-644-93856-3,0,2,2023-05-02
Seamless executive moderator,Jerry Schmidt,1,1993,978-1-196-98498-5,0,2,2023-08-14
Extended intangible focus group,Laura Moss,7,1996,978-0-534-45930-7,2,1,2023-05-07
User-friendly maximized firmware,吉田 桃子,1,2022,978-0-9544148-8-7,1,1,2023-07-02
Re-engineered systemic archive,加藤 直人,4,2009,978-0-378-60447-5,2,1,2023-05-25
Pre-emptive heuristic initiative,Penny Friedman,6,2011,978-1-256-34175-8,1,1,2023-04-22
Advanced asymmetric support,Kimberly Zimmerman,2,1981,978-1-70141-947-6,1,1,2023-05-06
Total interactive database,坂本 舞,5,2015,978-1-84041-830-9,1,1,2023-08-18
Persistent executive architecture,高橋 充,5,2012,978-1-371-58739-0,1,1,2023-07-30
Face-to-face cohesive framework,Bradley Green,8,2000,978-1-84918-020-7,2,1,2023-05-01
Exclusive tangible Internet solution,David Walters,2,1994,978-0-12-215832-2,0,2,2023-05-02
Virtual intermediate throughput,Kristina Allen,7,2005,978-1-55477-370-1,2,1,2023-06-20
Customer-focused responsive project,伊藤 結衣,4,2007,978-1-79732-513-2,1,1,2023-07-10
Function-based responsive collaboration,佐藤 千代,1,2014,978-0-324-14475-8,2,1,2023-05-30
Versatile needs-based framework,Andrea Brown,1,2012,978-1-244-61841-1,2,1,2023-04-23
Cross-group motivating attitude,斎藤 京助,4,2016,978-1-247-46573-9,2,1,2023-08-20
Customer-focused multi-state access,Julie Hunter,7,1980,978-0-363-14923-3,1,1,2023-06-23
Public-key logistical portal,小林 くみ子,1,1999,978-1-80416-863-9,1,1,2023-02-28
Vision-oriented asynchronous Graphical User Interface,近藤 晃,8,2011,978-1-72709-895-2,1,1,2023-04-27
Total regional artificial intelligence,高橋 結衣,7,2014,978-1-60583-338-5,0,2,2023-06-02
Assimilated asymmetric service-desk,中川 翼,3,2000,978-1-64497-323-3,1,1,2023-06-01
Digitized zero tolerance Internet solution,Bernard Powers,5,2021,978-0-210-64478-2,0,2,2023-03-29
Focused contextually-based task-force,Paul Smith,2,2008,978-1-4706-0011-2,1,1,2023-05-04
Team-oriented optimizing open system,Brandy Jones,8,1987,978-0-657-68440-2,1,1,2023-06-17
Public-key well-modulated instruction set,Chad Reeves,2,2015,978-0-219-18172-1,2,1,2023-06-11
Total stable portal,Andrea Jimenez,8,2005,978-1-388-63831-3,0,2,2023-03-28
Implemented responsive standardization,小林 陽子,8,1999,978-0-466-73315-5,1,1,2023-04-22
Secured local budgetary management,鈴木 亮介,5,1992,978-1-84164-041-9,1,1,2023-03-30
Operative multimedia intranet,中村 健一,5,1988,978-1-948385-74-9,2,1,2023-05-19
Open-architected asymmetric Graphical User Interface,Paul Hansen,4,1987,978-1-5396-8161-8,0,2,2023-05-07
Synchronized bandwidth-monitored frame,鈴木 智也,3,2006,978-1-56886-956-8,2,1,2023-07-12
Configurable 6thgeneration time-frame,Ashley Hicks,3,1989,978-1-909135-17-8,2,1,2023-08-31
Programmable client-driven info-mediaries,Carmen West,5,2021,978-0-216-78901-2,1,1,2023-04-08
Synchronized 4thgeneration process improvement,佐藤 和也,8,2014,978-0-245-70660-8,1,1,2023-06-23
Up-sized fault-tolerant customer loyalty,William Smith,8,1980,978-1-59800-238-6,2,1,2023-06-02
Self-enabling hybrid standardization,Richard Lambert,6,2004,978-1-5154-1685-2,0,2,2023-08-01
Proactive intangible parallelism,Anita Smith,8,1982,978-1-75564-616-3,1,1,2023-05-27
Future-proofed static pricing structure,Bryan Robinson,5,2014,978-1-86385-676-8,2,1,2023-08-07
Enterprise-wide neutral workforce,坂本 京助,3,2001,978-1-129-49973-9,2,1,2023-04-19
Customizable impactful customer loyalty,村上 英樹,4,2018,978-1-379-79887-3,0,2,2023-03-21
Ergonomic logistical budgetary management,Matthew Bowman,8,2023,978-1-02-561137-2,1,1,2023-03-29
Vision-oriented bandwidth-monitored functionalities,Ivan Stanley IV,8,2007,978-1-201-44847-1,1,1,2023-04-01
Intuitive mission-critical groupware,高橋 直子,2,2011,978-1-878808-66-0,1,1,2023-05-02
Synergistic maximized adapter,佐藤 真綾,6,2020,978-1-4564-1192-3,0,2,2023-08-23
Business-focused interactive system engine,Ashley Stokes,7,2000,978-0-256-50531-3,1,1,2023-07-09
Implemented 6thgeneration circuit,Marc Cunningham,2,2011,978-0-289-18223-9,0,2,2023-07-18
Intuitive user-facing solution,吉田 康弘,7,1987,978-0-201-28820-9,0,2,2023-07-06
Programmable bottom-line capability,清水 英樹,4,2003,978-0-19-505070-7,1,1,2023-03-13
Secured bifurcated knowledgebase,Darrell Phillips,2,2003,978-0-920741-75-7,2,1,2023-04-11
Synergistic responsive help-desk,Edward Moran,1,1993,978-1-280-02866-3,2,1,2023-06-12
Networked client-server productivity,吉田 健一,7,1991,978-0-12-895500-0,2,1,2023-07-30
Visionary eco-centric architecture,Stephanie Henry,1,1982,978-0-85640-626-3,0,2,2023-05-05
Re-engineered explicit challenge,Nathan Reynolds,7,2008,978-0-452-86617-1,2,1,2023-06-18
Extended fault-tolerant contingency,木村 くみ子,3,2022,978-0-262-76285-4,0,2,2023-04-18
Optional content-based utilization,Beth Stanton,1,2013,978-1-79974-912-7,0,2,2023-03-24
Profound foreground ability,森 零,3,2016,978-0-226-29054-6,0,2,2023-04-19
Profit-focused coherent contingency,山田 幹,7,1980,978-1-175-26324-7,1,1,2023-04-24
Function-based dynamic initiative,Amber Jones,7,2020,978-1-355-84255-2,1,1,2023-07-18
Realigned web-enabled project,Jennifer Campbell,2,1983,978-1-328-04130-2,0,2,2023-07-28
Multi-channeled 24/7 service-desk,Amanda Taylor,6,2022,978-0-7416-9497-3,0,2,2023-09-04
Synergistic mobile flexibility,岡田 千代,8,2008,978-1-83503-934-2,2,1,2023-08-28
Upgradable scalable ability,鈴木 亮介,5,2003,978-1-359-32445-0,2,1,2023-07-29
Multi-lateral analyzing groupware,Kelly Smith,4,2017,978-0-301-57155-3,1,1,2023-05-24
Distributed 24/7 workforce,吉田 里佳,8,1988,978-0-11-323234-5,1,1,2023-04-12
Self-enabling web-enabled hierarchy,Rebekah Phelps,1,1998,978-0-245-19140-4,1,1,2023-06-19
Compatible 5thgeneration success,Gregory Smith,3,1984,978-0-9631144-6-4,0,2,2023-08-28
Grass-roots static standardization,Jeffrey Oliver,4,2009,978-0-11-413693-2,1,1,2023-06-20
Distributed optimizing Graphical User Interface,木村 裕美子,1,2013,978-0-552-46885-5,0,2,2023-07-08
Expanded directional projection,Amanda Moreno,8,2019,978-1-138-21343-2,2,1,2023-05-21
Enterprise-wide reciprocal archive,Jason Russell,6,2011,978-1-330-88273-3,1,1,2023-08-28
Reverse-engineered reciprocal groupware,Lori Clements,6,2019,978-1-9736-0299-6,0,2,2023-03-04
Self-enabling asymmetric initiative,Julia Nguyen,2,2022,978-0-233-70679-5,0,2,2023-05-16
Triple-buffered intermediate contingency,Mary Gibbs,5,1984,978-1-86849-084-4,0,2,2023-04-26
Customer-focused 5thgeneration approach,Audrey Peters,1,2010,978-1-66765-196-5,2,1,2023-08-08
Intuitive optimizing attitude,Mary Allen,5,1996,978-0-85013-271-7,2,1,2023-05-14
Versatile 3rdgeneration Graphic Interface,Raymond Richardson,4,2017,978-1-4373-3753-2,2,1,2023-05-14
Visionary background support,佐藤 治,6,2000,978-0-231-19526-3,2,1,2023-04-07
Robust national structure,前田 涼平,4,2004,978-0-203-29452-9,2,1,2023-06-30
Fundamental multi-state system engine,Barbara Morris,6,2017,978-1-58057-759-5,0,2,2023-05-09
Adaptive global help-desk,Curtis Ayala,2,1994,978-0-00-712016-1,1,1,2023-07-11
Function-based logistical hardware,山下 健一,4,1994,978-0-9512864-0-1,0,2,2023-04-01
Proactive interactive intranet,池田 学,1,1993,978-1-74955-771-0,1,1,2023-06-25
Front-line logistical protocol,Amanda Garcia,4,2023,978-0-08-578860-4,2,1,2023-07-15
Optional real-time Internet solution,田中 あすか,1,2010,978-1-00-653055-5,2,1,2023-05-04
Focused 3rdgeneration circuit,Emily Graham,7,1994,978-0-520-55808-3,1,1,2023-06-11
Horizontal explicit workforce,山田 翔太,7,1995,978-1-161-50409-5,0,2,2023-03-08
Reactive empowering productivity,斉藤 拓真,3,2002,978-0-669-57503-3,2,1,2023-04-21
Robust bottom-line Local Area Network,Jessica Smith,4,2010,978-0-450-69222-2,2,1,2023-06-15
Synergistic exuding forecast,Richard Cook,5,2004,978-0-659-26784-9,0,2,2023-04-01
Optimized full-range service-desk,Scott Berry,3,2007,978-0-676-69923-4,0,2,2023-08-16
Expanded optimizing system engine,中島 裕太,2,1996,978-0-04-556472-9,1,1,2023-08-11
Innovative bi-directional paradigm,Carrie Blair,5,1988,978-1-55979-867-9,2,1,2023-07-20
Implemented full-range application,山口 真綾,8,2015,978-0-14-585229-0,2,1,2023-07-10
Extended human-resource matrices,伊藤 京助,6,1989,978-1-297-01275-4,2,1,2023-08-12
Synergistic optimal productivity,太田 真綾,4,1991,978-0-8019-2894-9,1,1,2023-06-08
Future-proofed background analyzer,清水 太郎,8,1982,978-0-06-793023-6,2,1,2023-04-01
Exclusive composite instruction set,阿部 千代,4,2010,978-1-5032-4644-7,0,2,2023-05-30
Exclusive optimal middleware,Deborah Stevenson,4,2003,978-1-09-297633-6,1,1,2023-05-09
Exclusive transitional Graphic Interface,鈴木 千代,5,1993,978-0-8388-4636-0,1,1,2023-06-22
Assimilated grid-enabled success,高橋 里佳,7,2009,978-0-89813-832-0,1,1,2023-05-17
Self-enabling client-server artificial intelligence,伊藤 裕樹,4,1996,978-1-4571-4653-4,1,1,2023-08-26
Optimized clear-thinking Internet solution,伊藤 加奈,6,2007,978-1-370-48706-6,0,2,2023-05-18
Reduced scalable approach,山口 翼,4,1991,978-1-76923-371-7,0,2,2023-07-20
Ergonomic high-level task-force,Sara Knight,5,2004,978-0-485-30404-6,0,2,2023-08-28
Optional methodical algorithm,Jose Wallace,7,1994,978-1-02-510900-8,1,1,2023-08-03
Enterprise-wide context-sensitive orchestration,Daniel Vasquez,1,1997,978-0-10-995679-8,2,1,2023-08-20
Reactive fresh-thinking contingency,Robert Moore,6,2009,978-1-80572-205-2,1,1,2023-03-31
Organized transitional challenge,渡辺 里佳,1,1983,978-1-04-148641-1,1,1,2023-06-26
Polarized solution-oriented algorithm,斎藤 くみ子,3,2009,978-0-489-59214-2,1,1,2023-03-14
Grass-roots methodical groupware,Hailey Day,1,2018,978-0-516-89893-3,2,1,2023-08-20
Optional interactive budgetary management,Mary Nguyen,7,2003,978-1-02-846981-9,0,2,2023-03-20
Public-key zero tolerance knowledgebase,渡辺 直子,2,1981,978-0-8445-4673-5,1,1,2023-06-02
Enhanced system-worthy frame,Brian Washington,2,2003,978-0-18-359892-1,2,1,2023-05-24
Compatible composite project,松本 結衣,5,2022,978-1-01-222277-2,2,1,2023-05-16
Object-based 24/7 encryption,Justin Johnson,4,2013,978-1-5132-6653-4,0,2,2023-03-01
Balanced explicit emulation,佐々木 あすか,6,2012,978-1-05-411033-4,0,2,2023-05-08
Adaptive coherent portal,Paul Mccarthy,2,2018,978-0-7046-7775-3,2,1,2023-07-14
Synergized multimedia paradigm,David Evans,1,2012,978-1-03-508782-2,1,1,2023-06-13
Organized interactive focus group,Jose Trujillo,6,2013,978-1-06-978546-6,1,1,2023-09-08
Optimized clear-thinking protocol,池田 知実,8,1995,978-0-7602-5293-2,0,2,2023-06-14
Polarized homogeneous contingency,Allison Harris,7,1999,978-1-929747-65-8,1,1,2023-09-01
User-friendly explicit task-force,Carlos Fowler,3,1995,978-1-62536-508-8,2,1,2023-05-17
Monitored static Graphical User Interface,Sharon Bush,2,1999,978-1-969570-28-5,1,1,2023-07-07
Sharable empowering matrix,高橋 千代,1,1994,978-0-907198-28-4,2,1,2023-07-19
Networked fault-tolerant support,Paige Sanchez,7,1998,978-1-4325-0520-2,0,2,2023-09-07
Grass-roots neutral knowledge user,Erin Rocha,5,2003,978-0-8380-3107-0,2,1,2023-07-17
Upgradable high-level groupware,石井 美加子,3,1982,978-1-904235-26-2,1,1,2023-05-19
Sharable 6thgeneration flexibility,中村 太郎,6,1985,978-0-404-46448-6,2,1,2023-05-04
Mandatory intermediate archive,Tammy Andrews,3,2011,978-0-567-59179-1,1,1,2023-07-27
Synchronized contextually-based structure,Robert Murray,3,2013,978-1-948410-91-5,2,1,2023-09-07
Universal secondary frame,近藤 幹,6,1993,978-0-17-878630-2,1,1,2023-04-12
Cross-platform intermediate adapter,Christopher Roman,6,2018,978-0-19-982292-8,2,1,2023-06-05
Team-oriented bi-directional hierarchy,藤井 学,2,2013,978-0-314-31442-0,1,1,2023-03-24
Open-source attitude-oriented product,岡田 明美,3,2013,978-1-993456-55-5,2,1,2023-06-29
Total transitional frame,岡本 千代,1,2018,978-0-528-73394-9,2,1,2023-05-07
Intuitive encompassing circuit,斎藤 春香,2,2012,978-1-61228-109-4,2,1,2023-08-17
Versatile even-keeled standardization,中島 結衣,4,2001,978-0-697-09058-4,2,1,2023-09-01
Multi-channeled system-worthy contingency,小川 健一,1,1992,978-0-541-75249-1,2,1,2023-03-06
Grass-roots secondary parallelism,David Zhang,8,2022,978-0-04-911306-0,0,2,2023-08-31
Proactive object-oriented knowledgebase,坂本 英樹,7,2020,978-1-57909-383-9,1,1,2023-02-26
Versatile content-based moderator,Natalie Ryan,7,1991,978-0-9783476-3-5,1,1,2023-08-25
Organized explicit concept,Bernard Ramirez,4,1983,978-1-64987-612-6,0,2,2023-03-27
Business-focused disintermediate success,Joe Baker,4,2013,978-1-67442-366-1,0,2,2023-06-22
Inverse 6thgeneration infrastructure,高橋 学,1,1990,978-1-5332-4589-2,2,1,2023-05-25
Down-sized grid-enabled workforce,山本 舞,7,2006,978-1-249-77360-3,0,2,2023-06-05
Stand-alone background artificial intelligence,斉藤 陽子,3,1999,978-0-398-15314-4,0,2,2023-02-25
Sharable didactic complexity,吉田 裕樹,6,2014,978-0-386-02181-3,1,1,2023-06-26
Innovative analyzing pricing structure,井上 修平,7,2014,978-1-250-12654-2,2,1,2023-04-09
Distributed modular customer loyalty,中村 淳,8,1999,978-1-75209-820-0,0,2,2023-02-28
Cross-platform value-added hardware,前田 直樹,1,1980,978-0-9855288-1-2,2,1,2023-06-21
Versatile solution-oriented approach,長谷川 里佳,4,1980,978-0-8450-2384-6,1,1,2023-08-30
Grass-roots user-facing open system,井上 香織,3,2013,978-1-09-385044-4,0,2,2023-08-12
Distributed didactic monitoring,佐々木 くみ子,6,2003,978-1-4652-8692-5,0,2,2023-06-12
Extended value-added artificial intelligence,小林 真綾,5,1994,978-0-218-73773-8,2,1,2023-05-06
Digitized value-added approach,藤井 美加子,2,2001,978-1-79686-508-0,2,1,2023-07-30
Decentralized mission-critical open system,佐藤 稔,6,1990,978-0-87417-639-1,2,1,2023-03-19
Streamlined modular success,高橋 七夏,4,2018,978-1-899003-16-7,1,1,2023-09-03
Quality-focused 4thgeneration protocol,Brooke Bennett,7,2013,978-1-210-70998-3,2,1,2023-05-01
Expanded maximized functionalities,Brian Baker,7,1983,978-0-310-37359-9,0,2,2023-03-31
Object-based secondary hierarchy,Felicia Lowe,7,2023,978-0-338-23987-7,1,1,2023-05-11
Multi-layered reciprocal hierarchy,山口 充,5,1994,978-0-901252-69-2,1,1,2023-05-11
Networked stable access,林 さゆり,2,2003,978-1-4858-8816-1,0,2,2023-06-05
Ergonomic zero-defect leverage,山崎 里佳,2,1987,978-1-80643-383-4,2,1,2023-07-11
Profit-focused bi-directional service-desk,Stefanie Tyler,6,2016,978-0-377-56696-5,2,1,2023-08-05
Monitored background info-mediaries,James Evans,8,2001,978-1-398-38420-0,2,1,2023-05-02
Synergized incremental paradigm,遠藤 美加子,4,1982,978-1-130-71877-5,1,1,2023-08-10
Seamless optimizing architecture,Tammie Henry,1,2010,978-0-303-40016-5,1,1,2023-07-15
Phased leadingedge hierarchy,Denise Fuller,4,2001,978-0-7064-2276-4,0,2,2023-06-23
Realigned holistic utilization,Natalie Acosta,8,2014,978-1-57470-758-8,1,1,2023-03-16
Horizontal 3rdgeneration migration,佐々木 淳,2,1991,978-1-80790-203-2,1,1,2023-08-10
Profound systemic software,Jack Grant,3,2010,978-1-909437-95-1,2,1,2023-05-03
Sharable optimizing standardization,木村 陽子,6,1986,978-1-5432-2169-5,0,2,2023-06-14
Synergistic web-enabled matrix,高橋 裕樹,6,2018,978-1-5153-8070-2,0,2,2023-03-17
Realigned 4thgeneration utilization,田中 稔,7,2022,978-1-61147-301-8,1,1,2023-04-06
Fundamental contextually-based hierarchy,松田 香織,2,2002,978-0-218-72930-6,2,1,2023-06-24
Reactive 24/7 firmware,Pamela Marshall,1,2013,978-0-9618835-1-5,1,1,2023-06-20
Stand-alone 3rdgeneration migration,David Martin,4,2015,978-1-224-36412-3,0,2,2023-03-19
Sharable fresh-thinking instruction set,佐藤 あすか,3,1987,978-1-70291-221-1,0,2,2023-04-07
Integrated discrete core,Jennifer Vaughn,5,2010,978-1-82351-797-5,1,1,2023-04-03
Multi-layered discrete methodology,Rhonda Williams,6,2020,978-1-76223-659-3,0,2,2023-04-29
Multi-tiered disintermediate open system,佐藤 陽一,7,1988,978-1-75874-820-8,2,1,2023-04-20
Versatile executive collaboration,高橋 香織,6,2016,978-0-7955-6207-5,1,1,2023-07-02
Seamless even-keeled ability,Michele Smith,2,1996,978-1-09-096311-6,2,1,2023-05-03
Cross-group intangible software,田中 舞,5,2018,978-0-539-56528-7,1,1,2023-07-04
Enhanced encompassing forecast,Brenda Nelson,1,1980,978-1-280-27600-2,2,1,2023-07-24
Synergized uniform adapter,清水 真綾,5,1984,978-1-197-69828-7,2,1,2023-08-16
Profound radical toolset,Brent Jordan,7,2014,978-0-342-46482-1,1,1,2023-08-05
Polarized encompassing pricing structure,青木 千代,8,2014,978-0-316-66532-2,1,1,2023-04-07
Organic 6thgeneration instruction set,近藤 太郎,6,2019,978-1-140-41235-9,0,2,2023-06-12
Face-to-face cohesive functionalities,Edward Carlson,5,1995,978-1-06-145669-2,1,1,2023-03-03
Sharable intermediate neural-net,Steven Weaver,7,1992,978-1-67566-628-9,2,1,2023-08-06
Secured eco-centric concept,Daniel Farmer,7,2006,978-1-912668-68-7,1,1,2023-04-01
Visionary cohesive algorithm,阿部 零,3,2001,978-1-271-14489-1,1,1,2023-08-22
Profit-focused incremental matrices,長谷川 舞,2,2007,978-1-67788-176-5,1,1,2023-03-18
Cloned asymmetric concept,山口 亮介,7,1994,978-0-14-657052-0,0,2,2023-06-19
Innovative needs-based forecast,中村 洋介,8,1983,978-1-68783-260-3,0,2,2023-03-10
Devolved uniform protocol,Wendy Sanchez,4,1983,978-0-05-439523-9,1,1,2023-06-11
